indices,y_error_pred,label,sentence,probability
12,房产,时政,审计署：10省区市5837万支农款用于建房买车本报讯 （记者杨华云）审计署昨日发布的2009年第4号审计结果公告披露，河南、甘肃等10省区市财政和有关主管部门违规使用资金26.93亿元，其中，用于建房买车5837.4万元。审计署向社会公布了河南、甘肃、山西、黑龙江、江苏、湖南、福建、陕西、内蒙古和重庆10省区市财政支农资金管理使用情况审计调查结果。审计调查发现，财政支农资金分配、使用和管理不够规范的问题普遍存在，10省区市财政和有关主管部门违规使用资金26.93亿元，其中用于建房买车5837.4万元；不规范管理资金45.75亿元；配套资金不到位65.97亿元。审计调查还发现，部分项目资金使用效益较差。在应于2007年底完成的86个财政支农项目中，有32个未达到设计要求和预期目标，占抽查项目总数的37%，致使已到位的8.24亿元支农资金未能充分发挥效益。此外，年初华北大旱暴露出的抗旱基础设施不足的问题得到证实。审计发现农业基础设施投入仍然不足，其中防汛抗旱监测预警系统建设滞后，2003至2007年，陕西、重庆等8省市防汛抗旱监测预警系统建设投入1.31亿元，仅占其同期防汛抗旱经费投入的4％，截至2008年3月，8省市设立的水情监测站尚不足水利部要求的一半。相关阅读：审计署：10省区市违规使用支农资金26亿,0.6257255673408508
13,房产,家居,携手当代节能置业 日立电梯再添战略合作伙伴当地节能置业股份有限公司与日立电梯(中国)有限公司在北京当代MOMA签署战略合作协议。未来，日立电梯将为当代节能置业旗下众多房地产项目提供具有一流国际化品质、绿色节能的电梯、扶梯产品。当代节能置业通过与日立电梯等品牌供应商的战略合作，共同运用节能技术和前沿科技，为消费者缔造出更多的节能建筑。当代节能置业一直致力于为广大消费者开发舒适而节能的住宅产品，公司先后开发建设了万国城MOMA、POP MOMA、上第MOMA、MOMA万万树、当代MOMA等项目。随着日立电梯与当代节能置业的联盟，日立电梯将陆续参与万国城MOMA (长沙)、万国城MOMA(太原)等项目，并为当代节能置业提供节能环保的电梯技术与绿色产品。双方也将在“科技建筑美好生活”开发理念的指导下，共同努力，在尊重自然、节能环保的基础上全面提升人居品质，让更广大的消费者享有更舒适节能的人居环境。万科集团和日立电梯的战略合作已经成为一段佳话，合作有9年之久。日立作为电梯的战略供应商，在万科联合发展中心网站中被列入了“联合发展计划”。据万科的相关负责人介绍，万科和日立电梯独创的“订单式”采购模式，大大精简了采购环节，提高了采购效率。万科在降低成本的同时，也获得持续的质量保证。此次日立电梯与当代的携手，使其战略合作伙伴的阵营里又增加一重量级合作伙伴。据不完全统计，日立电梯已万科、富力、合生创展、华润、当代等数十家开发商建立起战略合作伙伴的关系，成为房地产行业最大的电梯战略供应商。作为日立在海外最大的电梯合资公司，日立电梯(中国)有限公司自1996年正式开业以来，研发、制造、营销、服务能力不断增强，现已成为中国市场上规模最大、实力最强的电梯企业之一。秉承日立领先全球的尖端技术和优良的产品质量，日立的电、扶梯产品因其优质高效和节能环保而倍受市场青睐。此前，日立电梯曾为广州第一高楼——中信广场、中国第一高楼——上海环球金融中心、四川第一高楼——喜年广场等诸多标志性建筑提供产品与服务。据悉，日立是全球企业500强的跨国集团，拥有超过80年的电梯研发与制造经验。作为日立在海外最大的电梯合资公司，多年来，日立电梯(中国)有限公司一直致力于推动中国都市生活的现代化进程，竭诚为中国社会提供高品质的产品和服务。凭借“一个总部(广州)、两大研发中心(广州、上海)和三大制造基地(广州、天津、上海)”的研发和制造实力，以及遍布全国各大城市的分支机构和服务网络，日立电梯积极发挥其在一个世纪发展历程中所积累的雄厚技术力量和丰富经验，为中国市场众多用户提供最专业的楼宇交通解决方案。 ,0.6873676776885986
15,房产,家居,医护公寓私人游泳池 水中瑜伽一小时(图)患产前抑郁症 水中“孕动”没商量不久前有媒体报道胡静患有严重的产前抑郁症，朱家的私人医生给胡静开出了一个方子：每日在水中练瑜伽1个小时。    不过，胡静日前通过新浪博客告诉粉丝：“我和宝宝一切都好，虽然还没有见过他，但他的出生有你们的祝福，我将不会害怕分娩的痛苦，亦有信心去做一个优秀的妈妈，除此之外会尽快开始新的工作。”,0.5548754334449768
20,游戏,家居,挑T总动员-求爱篇图为漫画图为漫画图为漫画图为漫画,0.8189961314201355
26,房产,时政,"住建部要求开展在建住宅工程质量检查中广网北京7月3日消息 据中国之声《新闻和报纸摘要》9时21分报道，上海市闵行区""莲花河畔景苑""在建的13层住宅楼房楼体倒塌事故引发各界对住宅质量安全的高度关注。为确保在建住宅工程质量，住房和城乡建设部2号发出紧急通知，要求全国各地区立即开展在建住宅工程质量检查。详细情况中国之声连线记者刘玉蕾进行报道——中国之声：这次的质量检查从什么时候开始？检查范围主要有哪些？记者：住房和城乡建设部的领导介绍说，此次检查范围包括保障性住房和商品住房等各类在建住宅工程。主要是检查工程实体质量情况，特别是工程地基基础和主体结构的勘察、设计及施工质量。对建设、勘察、设计、施工、监理等责任主体和施工图审查、质量检测等有关单位及项目经理、总监理工程师等执业人员执行国家法律、法规和工程建设强制性标准的情况都要进行检查。住房城乡建设部要求各地要在7月30号前将检查情况通报上来，同时建设部也将在7月到9月到各地组织督查。中国之声：看来这将是一次全面的检查，从规划、施工许可、招投标到资质管理、工程监理的各个环节都要逐一检查，检查的目的就是要防患于未然？记者：是的。实际上，这次上海闵行区莲花河畔景苑在建楼房整体倒塌前一天，工地旁边的防汛墙出现了一个70多米的塌方险情，即使两起事件没有关联，但都说明建筑过程中一定存在了很大的问题。因此建设部指导：各地在检查工作中，要认真记录、如实填写检查记录和受检工程相关质量的信息数据。发现质量隐患，及时采取整改措施，做到边查边改；涉及结构安全重大隐患的，立即停工整改，隐患消除前不得复工；对于情况复杂，短期内难以完成整改的，制定切实可行的整改方案并限期整改，加强隐患监控，落实防范措施，防止发生质量安全事故。",0.6998087167739868
40,游戏,科技,多方面发展1亿广告费 汉王前（钱）途似锦11月10日下午两点，汉王科技股份有限公司 董事长 刘迎建作客中关村在线风雨对话。刘迎建先生就网友提出的各种技术问题和市场问题进行了解答。网友：汉王出了7款阅读器，是哪个方向的，是不是针对中国的特色？在开拓国外的时候，是不是每个语种都要有小的构想？ 刘迎建：第一类是商务类，里面放的书主要是公务、商务，把会议、资料放进里面，还有商务人士自己看。 第二类是教育类，里面放了很多的字典、教材，给学生用。 第三类消费类、娱乐类，里面有很多的MP3，有很多消费类的书。 这三类都在海外有销售，欧洲特别是德国卖商务类的多一点，俄罗斯卖消费类多一点。所以国内国外都有销售，当前是三类。 网友：你们的产品很好，但是在宣传上有没有比产品更好的方法？ 刘迎建：在宣传上今年也是做的很大的投入，因为市场是需要教育，现在是导入期。今年预算是投1个亿的广告费，现在已经投了有6000万了，年底要请的许晴当代言人，还在中央电视台花2000万左右的做电视广告。 主持人：国内的企业中，特别是民营企业中，如果花费做研发，企业家们都肯花费。但是做广告宣传的时候，他们就很心痛这些钱。我看刘总在这些问题好像很勇敢，希望我们今天在互联网上看到更多的产品的宣传。,0.42083245515823364
63,游戏,体育,NCAA2010-11赛季回顾：这战国时代的灰姑娘童话！关键词：双雄会在这个被大一新生统治的年代里，已经好几年没有出现像今年弗雷戴特和坎巴-沃克这样的老生双雄会了。从赛季初毛伊邀请赛沃克狂飙开始，这两名根本无法阻挡的后卫似乎就较上了劲。只要其中一人打出一场高分表演，另一个人就一定会在短期内以一场同样精彩的发挥来证明自己——沃克多次打出三双，弗雷戴特更是打出过52分。两人不仅一度在得分榜上纠缠不清，他们率领的球队成绩也节节攀升，在他们的带领，康大和BYU都打出了远远超出预料的水准。双雄会的结果也可谓是皆大欢喜——弗雷戴特赢了个人荣誉，包揽了得分王，最佳球员和奈史密斯奖；而沃克的康大则以11连胜连夺分区锦标赛和全国锦标赛两个冠军，自己收走了四强战MOP。数年以后人们再提到这个赛季时，一定不会忘记这两个神一般呼风唤雨的小个子之间的较量。关键词：战国时代今年的NCAA是豪强并起的一年，堪萨斯、杜克、匹兹堡、德克萨斯、俄亥俄州立，几只球队实力都很强大，但都有比较明显的弱点，也没有强大到可以独霸全国第一宝座。赛季初杜克携卫冕冠军之勇连续占据着全国第一，然而凯利-欧文受伤给他们带来了巨大影响，败给佛罗里达州立后让出了头名。随后的几个星期内神奇的“全国第一魔咒”轮番降临在几支球队头上——谁当周被美联社评为全国第一，那一周就要输球。这样的局面也催生了几场极为精彩的大战——德克萨斯挑翻堪萨斯、威斯康辛三分射死俄亥俄州立和堪萨斯州立力克堪萨斯等。最终在你争我夺中俄亥俄州立后半赛季占了些许上风，但最终的结果也证明了只用6人轮换的他们并不是一支超级强队。关键词：黑马/灰姑娘传奇这两个词其实是每年NCAA都有的关键词，而今年尤其为甚。四强中有当初被选进锦标赛时被骂的狗血淋头的11号种子VCU和差点就倒在门槛上的8号种子巴特勒，前者重现了5年前乔治-梅森的神话，而后者则连续第二年一黑黑到了决赛。而3号种子康涅狄格在1个月前甚至在大东锦标赛中都只能排老9。今年的全国锦标赛经历了略显平淡的第一轮后，从第二轮开始接连爆出大冷门，害惨了无数人的Brackets。关键词：天才巨星哈里森-巴恩斯，贾里德-萨林杰，凯利-欧文，德里克-威廉姆斯，这些年轻人的名字早已被球迷们所熟知。萨林杰入选了全国第一阵容，巴恩斯贡献了两次压哨绝杀，欧文在他健康的时候一直是全国最好的控卫之一，威廉姆斯让老牌强队亚利桑那重现辉煌，在不远的未来，NBA中将会出现他们的身影。关键词：超级大东凭借最后关头辛辛那提、马奎特和西弗吉尼亚的强力发挥，大东区创造了11支球队杀入锦标赛这一神话般的历史记录，并且最终康大代表他们拿到了全国冠军证明了“我们大东球队不是到全国锦标赛就翻船的窝里横”。即使是11个球队中实力相对最差的马奎特，也在全国锦标赛中暴虐了A-10老大泽维尔，还爆冷了同区3号种子雪城，分区第二的圣母还拿走了最佳教练的荣誉，大东区实力之强可见一斑。关键词：高开低走大十分区的三支球队——密歇根州立、伊利诺伊和明尼苏达度过了相当让人失望的一个赛季。前二者开赛前被广泛看好，排进全国前15，后者在波多黎各巡回赛夺冠后也加入了全国前25的行列，大十分区一度被认为可以和大东抗衡。而随着赛季的进行三支球队逐渐迷失，接连输球，前两者锦标赛“打了个酱油”便出局，而明尼苏达干脆连锦标赛都没打进。关键词：野百合的春天除了不可一世的大东区和大十二区外，其他各个大赛区今年实力都不是特别强：大十赛区后半程乏力、太平洋十分区还未从去年的低谷中走出、大西洋海岸赛区只有杜克和北卡够看、东南赛区的球队们相比篮球从来都更擅长玩橄榄球。这就给了小赛区的球队们做出点事情的机会——山西赛区双雄圣迭戈州立和BYU长期位居全国前10；殖民地分区三支球队打入锦标赛，VCU更是杀入四强；西海岸分区的圣玛丽、西部运动赛区的犹他州立和A-10赛区的天普、泽维尔轮番保持着全国前25名额。关键词：过山车这个词用来形容今年的北卡和堪萨斯州立再合适不过了。赛季初双双被认定为全国前10的强队，赛季刚开打就接连输球，战绩和排名迅速下滑，但赛季中后段突然发力，北卡在肯德尔-马绍尔上位后掀起快打旋风，堪萨斯州立则在找回状态的普伦的带领下一路回飙，最终都拿到了不错的种子排位。(silencer),0.57977694272995
87,游戏,科技,OPPO最新力作正式上市 S33报价599元OPPO S33作为年轻时尚学生族最盼望的产品，以其绚丽的UI，好玩的魔法小插件，全面升级的影音体验获得玩家的青睐。目前这款产品已经正式上市，报价为4GB容量599元。OPPO S33容量：4GB 报价：599元编辑点评：OPPO S33拥有蔷薇粉、曜石黑情侣双款双色，竖版的设计有别于市面上大多数的MP4，乍看之下像精致的手机。3.0英寸屏幕大小兼具便携性和视觉效果，1600万色24位真彩触摸屏，色彩完美还原。OPPO S33在音频播放方面支持频谱、歌词的动态Flash UI全屏显示。ID3信息管理更加智能化，可显示专辑封面，对歌曲进行分类管理。Flac，APE双无损格式音乐播放，同时支持音频淡入淡出，并贴心地加入了护耳模式。OPPO S33除了支持主流的RMVB、RM、FLV、DAT等多种格式之外，还支持视频截图和视频书签，随时留住影视的精彩片段，非常实用。断点播放，护眼模式、电子书TTS文本朗读等功能都是用户经常用到的。,0.67622309923172
168,时政,财经,税务总局明确QFII缴税相关问题记者20日从国家税务总局获悉，税务总局近日发出通知指出，合格境外机构投资者（QFII）所得来源于中国境内的股息、红利和利息收入，应当按照企业所得税法规定缴纳10%的企业所得税。通知同时指出，如果是股息、红利，则由派发股息、红利的企业代扣代缴；如果是利息，则由企业在支付或到期应支付时代扣代缴。通知称，QFII取得股息、红利和利息收入，需要享受税收协定待遇的，可向主管税务机关提出申请，主管税务机关审核无误后按照税收协定的规定执行；涉及退税的，应及时予以办理。通知要求，各地税务机关应了解QFII在我国从事投资的情况，及时提供税收服务，建立税收管理档案，确保代扣代缴税款及时足额入库。,0.36647361516952515
212,时政,游戏,北京第三届优秀软件构件评选结果揭晓2010年1月6日下午，由北京市科学技术委员会支持，北京软件行业协会、北京软件与信息服务业促进中心和北京软件产业基地公共技术支撑体系主办，北京软件产品质量检测检验中心与北京大学承办，北京市科学技术委员会人才交流中心协办的北京第三届优秀软件构件评选颁奖典礼在丽亭华苑酒店召开，由北京软件产品质量检测检验中心吴铸成副主任主持典礼，围绕“实现科技资源开放共享，推进自主创新能力提升”这一主题展开深入交流与探讨。北京市科学技术委员会条件财务处张信副处长、北京软件行业协会会长华平澜、国家863计划专家组专家、北京大学信息科技学院院长梅宏教授、科技部高技术中心信息处褚诚缘主任、北京软件产品质量检测检验中心胡青华主任、北京科学仪器装备协作服务中心孙月琴副主任、北京市科学技术委员会人才交流中心主任助理王彤彦、首都科技条件平台电子信息领域主管阿孜古丽等政府领导和行业专家出席了颁奖典礼。构件评选旨在宣传构件技术，帮助企业降低开发成本、提高生产效率、加强业内沟通、培育典型优秀企业及产品，全面展示北京市科技企业发展的丰硕成果。活动期间组织单位积极为企业和高校连续开办多场技术培训、讲座以及交流会，共享当前的最新技术理论和观点，搭建了用户对优秀科技产品和服务的认知平台。第三届评选活动于07年正式启动，为了进一步加强软件构件技术在实际过程中的应用，培养优秀构件技术人才，促进学以致用，本届活动除企业参选以外，还增加了高校参评对象的范围，同时，评选奖项类别也大幅增加。通过与前两届对比，可以发现两个显著的特点：一是报名参加的企业明显增多；二是参评构件的质量有了明显的提高，其中有相当数量的构件已经是企业的市场产品。这说明了，软件构件技术在软件生产过程技术改造，推动社会经济发展方面，发挥着重要作用。评选在公平、公正、公开的原则下，参评构件经过专业的文档评审、第三方测试和专家评议，最终，来自北京超图、神州数码、北京宝迪、鸿合科技、金山软件、深蓝创娱等20家企业和北京大学、北京工业大学、北京林业大学、华北电力大学、中国石油大学、北京交通大学六所院校的数十款优秀构件从提交的两百余个构件中脱颖而出。颁奖典礼上，各位领导对评选活动给与了高度的评价和充分的肯定，对企业和院校积极开展可复用技术和产品研发给与了表扬和鼓励，并为获奖单位及个人颁发了奖牌和证书。至此，北京第三届优秀软件构件评选活动圆满结束。,0.1939963698387146
303,房产,教育,奉贤有一所中国酒店业的“西点军校”奉贤，因孔子弟子到此讲学，后人为敬奉贤人而得名，尊师重教在这块土地上有着悠久的历史和良好的传统。在这里，既有中国旅游业“黄埔军校”之称的中国第一所旅游专科学校上海旅专，更有被誉为中国酒店业“西点军校”的中国第一所中外合作的酒店管理学院锦江国际理诺士酒店管理学院。锦江国际理诺士酒店管理学院由亚洲排名第一，世界排名第13位的锦江国际集团和全球最大的教育投资机构美国罗瑞特教育集团共同投资，其课程设置经美国新英格兰院校协会(NEASC)和瑞士酒店协会的认证。学院拥有一个由世界级的酒店管理人员组成的行业顾问团，所有的专业教材和教学资料都来自瑞士，游泳极高的专业水准。学院的专业教师均由瑞士理诺士酒店管理学院委派或认证，他们多来自世界上最好的教育机构或酒店。不仅拥有高等教育学历，具备国际教师资格，并且有丰富的高级酒店工作经验，因而他们向学生传授的也不仅仅是书本上的理论知识，更多的是实践经验和操作规范。走进位于奉贤海湾路的锦江国际理诺士酒店管理学院的教学大楼，宽敞明亮的大厅让人感觉仿佛走进了酒店的大堂。这里有宽大的前台，舒适的沙发，水晶立柱透出几分典雅和豪华，原来这里也是学生学习前台服务的课堂。其实，这里除了传统的教室、图书馆、语言实验室等意外，你还可以发现设备先进的多功能厅、模拟客房、西式厨房和餐厅。总之，你能明显感到自己进到了一个与酒店有关的学校。与传统的大学不同，这里向学生们提供的是酒店管理的真实场景，这里有全亚洲酒店管理学院中最完备的教学设备。除课堂授课外，模拟操作、专业辩论、实战演练等都融入所有课程中。在模拟客房，学生们可以学到美式、法式等格式铺床的方法；在厨房，是真材实料的操作；在餐厅，每一个服务细节都要求做到完美无缺。教师的国际化背景，纯英语的教学环境，使得一个个中国学生跨进这个校门的第一天起，就被这里浓浓的国际化气息所包围。渐渐地，他们感觉到的是紧张和严格。以至于锦江国际理诺士酒店管理学院被业内人士称为中国酒店业的“西点军校”！而锦江国际理诺士的学生经过一倒两年的刻苦学习和磨练之后，也个个与众不同，尤其受到国际酒店集团的青睐。,0.43515145778656006
345,时尚,娱乐,"袁莉解释为何穿大胆透视装我能hold住！(图)点击进入袁莉微博：谈穿大胆透视装组图：袁莉黑色透视装登场 极尽性感成焦点新浪娱乐讯  昨天(8月28日)袁莉以一席透视装、丁字裤亮相华表奖红毯，这身行头引起了网友热议。袁莉在新浪微博上则表示已经这样了，就当天气热。之后又表示阴差阳错穿了透视装，但是能hold住她这身衣服的人不多。昨天第14届华表奖已落下帷幕，在这样的盛会上，女明星们的惊艳亮相总能惹起不少谈资。昨天华表奖红毯上最抢眼的当属袁莉的一身黑色蕾丝透视装，以及透视装包裹下显而易见的丁字裤。这身行头遭到了不少网友的非议。对此袁莉不以为然。袁莉似乎一开始自己也没有意识到这身透视装会如此之透，她看到强光下自己的这身装扮时也吓一跳，于昨天18点04分在新浪微博写道：“哦，妈妈咪呀，试衣服的地方灯光没那么亮，这强光！天哪！”接下来袁莉于昨天18点50分在微博中略显无奈的表示：“算了，已然这样了，就当天气热，凉快。”袁莉在看到很多对其穿着的非议之后，今天02点28分在微博中表示感谢这次的阴差阳错借给她的勇气，“不是我太胆大，是有些人太胆小！没什么好后悔的，试衣服时灯光太暗，但我要感谢这阴差阳错借我的勇气，也许这件衣服不是最适合我的，但能hold住这件衣服的也不多！so,what!” 截止到今天10点27分，这条微博已被转发16036次，评论有9066条。对袁莉的透视装亮相华表奖红毯，欧阳奋强(微博)在微博上表示支持袁莉。“国外的每次红地毯，都有影星打扮抢眼，然后就说：你看人家国外的颁奖礼多好、多开放，那才是真正的走红地毯。袁莉一身蕾丝半透视打扮，看见有些人讽刺挖苦，这个我就不理解了：袁莉为什么不能这样打扮？她的打扮至少我看来是可以接受的。不要用双重标准对待她。”程兴家/文",0.8183799386024475
370,房产,家居,关注城市思想沙龙第二期于九朝会举行本期主题老建筑和新地标，谁更具有城市形象代表性时间：2009年4月24日地点：九朝会主持人：中国房地产报副总经理 韩炜烨 论坛嘉宾(排名不分先后)赵云伟 中国城市规划协会副秘书长王宏新 北师大房地产研究中心副主任傅 刚 美国注册建筑师、中央美术学院教授著有《都市生活》、《都市村庄》、《都市档案》梁井宇 场域建筑事务所董事、主持建筑师 王广善 北京海港房地产开发有限公司总经理刘松泉 合生创展北京公司总经理刘 江 星河湾华北区营销总监王 丹 伟业顾问客户发展中心副总经理陈 炜 博洛尼旗舰装饰装修工程(北京)有限公司总经理以下为现场实录：韩玮烨：今天是星期五，我们大家来这样一个特别有创意的一个建筑里面，聊一些我们虚无缥渺的人生理想、意识形态，聊一聊建筑，聊一聊我们应该住在什么样的城市里，应该住在什么样的房子里。这就是我们今天这样一个主题，叫“九朝会•关注城市”思想沙龙。我想就不用一一介绍各位了，刚才因为有一段时间，大家都已经非常熟悉了，很短的时间里都变成朋友了，我就留很重要的一段时间介绍一下我自己。我是中国房地产报的韩玮烨，在中房报四年一直写点大家也看不上的，关于地产金融，关于公司这方面的文章，带一些小孩，想方设法挖一些地产的黑幕，这就是我做的事情。也是借此机会结识了在座的各位，今天大家没有任何商业目的，我们感谢博洛尼陈总给大家一个舒适的东西，抛开商务的压力，聊一聊城市，因为在座的每一位都跟现在的城市发展、城市建设有关系。咱们俗套一点，还是先请我们的当家人陈总致一个开幕词。陈 炜：首先代表博洛尼和九朝会感谢各位能够来到九朝会这个地方，进行一个思想的碰撞。为什么发起这样一个活动？首先讲讲九朝会的情况，九朝会顾名思义是九个朝代聚在一起，我们这个会所希望能够打造一个文化和思想聚集的地方。我们发现，从魏晋南北朝到明朝九个朝代，贯穿了整个中国传统文化的脉络，这个脉络就是我们想提炼出来的士大夫的文化精神。士大夫作为中国传统最低的一个贵族，其实也代表了中国的文化和思想的根基，等会如果大家参观九朝会的话，会感受到这个九朝会基本上是以中国传统的文化元素为基础，而自我设计、自我提炼出来的一个充满设计和创意的一个会所。昆曲作为这个戏楼的主要一个部分，昆曲也被联合国评为世界四大非物质文化遗产之首的这样一个文化艺术，为什么会有昆曲这么优美的词句呢？其实都是文化上的精英和一些士大夫，大家坐在小桥流水边，听着自然界的声音，拍着石头想出了一些优美的词句。今天希望大家能够在一起互相畅谈理想、畅谈城市、畅谈自己的抱负，进行一个思想的碰撞。这里是一个自由的、能够自我发挥的地方，所以剩下的话题交给韩女士。韩玮烨：我就是一个抛砖头的，我往出抛砖头，大家每个人接龙，看谁接得上。在来的路上，我一直在想一个问题，这两年我也拜访了很多的城市，很多的市长在跟我说的话题，就是在我的市中心盖一个多少层高的高楼，它要作为一个地标，我要盖一个多么大的城市综合体，让它成为一个地标。我们今天的主题，也是古今中外一直关于城市和建筑话题里永远没有答案的话题，就是老建筑和新地标。我想第一个问题，也是我心中的一个疑惑，中国城市化这么多年以来，到底老建筑和新地标是不是真的这种高楼大厦、综合体才是一个城市的地标性的建筑？谁先接这个砖头？傅刚老师是我们清华大学的知名教授，傅刚老师刚和他太太成立一个建筑事务所，叫任何建筑，这个名字非常有意思。首先请您谈谈观念。傅 刚：这个题目有点大，我就说点小的，开始不太容易说得特别得深入，所以既然韩总已经点名了，我就尽力给大家暖一下场子。刚才您的问题是，是不是这些个所谓的新地标是城市，无非是助长有的一些局面，而且已经有了局面似乎在表达大家不尽满意的时候，才能想表达自己的文化，显得有学问。那么它到底是地标？我的答案，是。赵云伟：我就顺着这个话题说，其实我非常赞成傅老师的观点，因为城市要发展，城市发展了，就不能一味地守住那些旧的东西。为什么这么说？我们也不用去批评这些城市的建设者或者是决策者，可以拿国外的例子看，我们都知道，像巴黎、伦敦，这些都是世界上最有名的，一提就是古色古香传统街道的地区。那么这些地区，近二三十年的地标又是什么呢？可能每个人说到这儿，心里就有答案了。卢浮宫的金字塔、伦敦眼都是在这些地区做了当代的建筑，不管你承认与否，它都是存在的。当时定义为了建筑千年盛典，这个伦敦眼建设完了以后，政府认为只要有两年的时间就把它拆掉了，批的就是临时建筑，短期内有用途，用完之后就要拆了。但是事实证明，这些年的游客都会去那里旅游，所以不得已他们把它作为一个永久性的地标。像伦敦这个具有独特传统的城市，在泰晤士旁边这么一个核心的位置，能放这么一个伦敦眼，我觉得足够能说明问题。至少目前我们的城市管理者、城市规划者、建筑学的学者，还在中国没有这么强烈的对比实践，我们不能说谈大道理，谈个别的实践就能说明问题。起码西方的管理者，他眼睛看的是未来，而不是自己手中的传统。梁井宇：我觉得刚才开的头都是建筑师开头，我也不例外，我觉得首先我们得肯定追求这个标志性建筑的合理性。为什么呢？我们建筑师从我们自己正中下怀的角度来说，也是很对的，我们肯定每一个建筑师都希望能够做一个有意思的建筑。而且有意思的建筑有一个借口，就是标志性是有意思的一种可能。我非常赞同两位的话题，这个问题不是问题，什么是问题呢？就是如何避免我们城市里面出现的那些粗制滥造的，貌似标志性的建筑，但是破坏了城市的那些东西。怎么尽量避免，同时创造一些大家真正喜爱的，能够定义这个城市、甚至定义一个时代的那些标志物？我觉得这个可能是一个真正去谈的问题。说到更具体的这个问题，我觉得我也再引出来几个问题。是什么原因导致了那么多粗制滥造的不好的建筑物的出现，特别是近期内的中国出现了这么多。第二个问题是，如果说我们还要和老的标志物和平相处的话，实际还是要谈到一个问题，什么样的标志物具备永久性的价值。刚才也举了伦敦眼，我可以再举一个例子，为什么埃菲尔铁塔，从它建设的时候，每一个标志物都存在一个曲折的历史，当时人们都不喜欢它，到最后接受了它。荷兰的历史学家提到一个说法，你别管这个东西长得好看不好看，样子是什么样子，只要把这个东西建起来了，有足够多的时间让人们去接受，最终这些标志物都会被人们喜爱。他当时举的例子指的由于埃菲尔铁塔，我们国家有没有这样的例子。如果没有，我们在座的也有策划、开发商、建筑师，怎么样才能够和我们那些没有的标志物、或者有的标志物，能够创造真正符合城市个性、符合时代要求的价值。韩玮烨：您刚才提的这个问题，让我们想起来我们的央视大厦，应该是我们现在中国城市地标，我觉得首先要区分大城市和二三线城市，大城市对城市地标的定义，和我们的中小城市对一个地标定义的选择应该是不一样的。北京这样一个有历史文化传统的城市，原来它的地标一定是雍和宫、或者颐和园、或者是天坛，现在会很疑惑，什么是北京的地标，用什么来区分？央视大厦应该是一个地标，那么这样一个怪物，它对北京这样一个形象，有什么样的一个作用呢？可能就是您刚才问题的一个句号，这个问题谁想接一下？刘松泉：很高兴来到这么一个漂亮的场所和大家一起交流，我觉得这个问题，也是开发商的一个困惑。因为城市作为一个项目，它实际上要和城市的景观，和它周边，它们要有一个关联性。目前，我觉得北京这个地方的一个情况，还是管理部门的管理水平，第二个也是开发商的欣赏水平。因为过去一段时间，作为中国来讲，房地产发展的水平，它是一个很短暂的时间。真正把房地产作为开发、作为一个产业，它是很短暂的。那么在这个过程当中，进入的门槛没有低，大家都可以进，有块地，找个人去弄再一组合，我就很快地推向市场。而国内又确实存在强烈的刚性需求，使得大家不需要再考虑那么细致了，就是一个产品，大家更强调产品本身它的一个独特性。但是，他没有想到它成为一个车时的景观。大家没有想到，所有的人，住它的人、不住它的人，都有一个欣赏的问题。但是谁是一个决定者？谁来去审批它呢？咱们现在的房地产，实际上是有管理的，包括我觉得在高度问题、外立面的问题，材料的选择问题，它都是一个影响城市景观的一个方面。至于室内的平面，没人管你。所以，很多人在这方面，因为他不成熟、他不专业，所以他会想着怎么样能够批下来，获得这样一个投入、产出，带来经济效益。所以，我觉得往往是从个体上考虑问题，管理者也是从个体的角度考虑问题，他不会去考虑周边的关系问题。实际上咱们现在看到北京的很多地方，对整个城市的文明，咱们就说幸福大街这块，本来是什么样的城市的建筑群，突然冒出很高的一个东西搁在那。但是我发现，如果跟上海比较起来的话，上海的整个城市建筑和它的风貌，给人一个城市新兴的这样一个国际化的都市的感觉不一样。因为前多少年我去上海，到松江去，松江的一个规划局长就是一个博士，而且是从国外回来的博士，所有的城市规划要进行整个一个国际化的招标，就是城市规划招标。然后任何一个单体要进行深化的时候，符合我这个规划的时候，还要进行再一轮的深化。所以，我觉得这叫经营城市，不是做一个单体，它是在城市这个整体上。当然刚才谈到老建筑、新建筑的一个地标性，我认为实际上作为一个城市，它应该有一个地标性，老建筑和新建筑同样都需要，因为这是城市赋予了它一个东西。但是，房地产的开发，实际上它是一个地域性的东西，所以，它的整个建筑的风格、它的整个区域的规划、项目的规划，应该有它的特点。当然你说陈希同时代的时候，强调一个什么帽子，它也是想等于是把传统的东西给机械地去做，实际上就造成了不伦不类。所以我想这个事我们先从城市规划的管理者的角度，怎么去反思这个问题，所有的问题都是从这里出来的。建筑是没有责任的，我要标新立异，我要展示我的整个文化，我要去得到发展商的认可，我要去挣这个钱，商业模式，它只是个演员，但是谁来批准它这个舞台，谁让它有许可的资格，这是关键的。我就先说这些，谢谢！韩玮烨：王宏新是不是可以代表一下政府的观点？你们一直是政策解析者。王宏新：各位好！实际上刚才还跟王丹在说，本来来参加思想沙龙，有的时候市场的力量在主宰着我们的思想，我们的思想在迎合着市场。所以很无奈，我就接着这个讲，陈总讲到的责任让我特别震撼。刚才给建筑师作出了一种解释，韩总让我为政府说两句，我说政府也没责任。因为什么？我们今天政府的决策体制，包括对这种地标的审批，都是一种集体决策，这个集体决策是害文化、最害思想的东西。我们知道任何一个有思想、有文化底蕴的一个建筑，或者一个产品、一个设计、一个理念，它往往归诸于集体、大众，或者叫公众参与，往往就把文化的东西、思想的东西给害了。但是，偏偏我们又是一种集体的决策，所以说这个集体决策又是谁来决定的呢？其实又是中国的老百姓决定了这种制度。这个里面，我们经常用体制和制度去解释它，其实这里面包含了中国几千年的文化。恰恰在这里面我觉得中国的建筑也好、房地产也好、土地也好，一方面在它的产品在走向市场。另一方面，它的文化，我一直感觉到我们还在走1919年没完成的问题，我们还在搞新文化。事实上这就又讲到新地标的新了，我这个名字里带个新，我特讨厌这个字。我本来出生的时候，我父亲给我取的是天上的星星，后来村里面的人特别有水平，就给我改成这个了，他总感觉到要比天上的星星要更专业化一点，最起码可以说重复一点。事实上我就在思考一个问题，因为今天但凡是看到新的建筑、新的地标，一定有西方文化的精髓、西方的理念，一定代表了建筑师从国外带回来的新的文化。我们这个集体决策里最重要的问题，就是忽视了一个点和一个面的关系，整体面上的不和谐，让这个点上的地标显得特别别扭。但是我觉得会在实点上解决问题。比如说中华世纪坛出来的时候，有很多不同的声音，鸟巢出来的时候，人们有不同的声音，但是奥运会一完大家就在接受这个东西。是不是等这个时期一过去，老百姓又慢慢能接受这个央视大楼呢。有时候我们经常批评，一看就是从国外引进来的建筑风格，可能这里面最重要的是就是民众里有一个宽容的心态，我觉得这也是好处。转了一圈，如果说责任的话，可能就要推到文化的责任，我不知道这个问题由谁来接了。刘 江：我也说两句，上午我们开了建委一个会，朝阳区建委让朝阳区开发商都说一说，政府能帮什么忙，开发商有什么困难、需求让大家讲讲。我当时主要讲了一点，就是把一些制造城市垃圾的开发商赶回国外，先考察考察这个开发商再引进。我说三个意思，第一个叫不要为做地标而做项目，因为项目本身是有生命力的。第二点，到底是地标重要，还是项目对这个地段的贡献重要。无论是低价、配套，对这个地段的贡献重要，还是它成为一个地标重要？我觉得这个答案是不言自明的。第三个意思，前几年我在上海待了三四年，我发现上海新房子跟老房子，大家真的是各有所爱，各有所需，顺其自然，上海有很多新房子、很多地标，没问题，我觉得都爆满，无论是租售都不错。但是同时发现了我们很多的活动都是在上海的老房子里做的，实上海很多的老房子，根本不低于东方明珠的地位。我看到有一个叫中华九千上市的时候，就是在孔祥熙的老房子里做的。包括一些奢侈品的发布会，我们看到不是在大的五星级的酒店里，而是在有历史沉淀的老房子里。跟上海人聊也是，上海人对老房子的心理价值，我不敢说大于世贸中心，但是起码是平等的。我觉得大家没必要讨论到底谁代表城市，但是在老百姓的心目中，大家可能是各有所需，有人就喜欢北京四合院，有人就喜欢住高楼大厦。王广善：非常容幸，能够和各位教授、专家和业内同行坐在这里搞沙龙，心情有点小激动。特别是第一次来到九朝会，欣赏和学习了我们传承和继承的一些文化性的东西。特别是看到剧场的时候，一楼有一个舞台、二楼有一个舞台，三楼怎么样、包厢怎么样，其实这里有很多传承和继承性的东西，把中国的戏剧和相关的文化，可能在这个地方有一个很好的体现，同时也有一个很好的创新。在这个过程中，又把现代地东西融入进去。我感觉这个九朝会还是有点味道，应该说以后还是要常来这样的好地方。今天这个话题是关注城市，因为咱们来自于清华大学的、还有北京大学的各位专家和教授，你们有很高的理解。像改革开放30年，我个人理解，今天大家走到一起来，不分高低，我又是无名小卒。要说这个城市地标的话，过去一般大城市可能有地标，像北京天安门，那就是非常明显的一个北京的地标。只要来到北京，不管你是国内的、还是国外的，一定要到天安门前照张相，说我去北京了。如果说没到天安门去照相，好象就没去一样，当然咱们的长城等等，更多的一些地标性的建筑，这个应该说是历史的沉淀。实际上还有一点，刚才大家也谈到了，就是北京的四合院，实际上它不起眼，但是它的地标性非常强，那就是北京的特点。到目前为止，虽然我们搞旧城改造，作为城市的主宰者，把它作为好东西，一定要把它保存下来，出台各种政策来保护它，实际上就是保护文化和历史。现在所谓一些新的标志性建筑，特别是搞奥运会，出现了一些新的建筑，当然这些建筑，需要历史的检验，也许过上三十年、五十年，说这东西不行，你必须要把它拆掉，这就可能没有它的历史价值，没有保留的价值，所以经过历史的检验，就必然要砍掉。如果说它很好，代表城市经济发展，这也挺好。比如上海的东方明珠，到黄埔江上一定要留影，实际上大家逐渐在接受这个塔的建筑，应该说中国地标性的建筑如雨后春笋般崛起。改革开放城市发展，小到县城、大到省地级市，只要是搞一个新城市的规划，就研究要弄一个什么样的广场，在广场上我得弄个什么样代表我这个城市形象的一个标志建筑物，是一个建筑物、还是艺术品。都在努力构思这个东西，所以占地有时不大很讲究，到后期政府出文件说不能随意乱建广场。当然他建的目的，还是想给这个城市搞一个地标性建筑。因为现在是全民参与，各级领导，只要是在那个地方当大官，咱们就得想办法做点事。所以，现在严格地讲，叫鱼龙混杂，有些可能是很好的东西，有些也想弄点事，花的钱不少，这个领导开这个会、那个会，说非常有价值，投巨资要办。一建下来三四年，换了领导，又说这个怎么看不像样，又成了城市的垃圾了。当然因为我是开发商，作为城市的建设者，可能我们没有更多的主宰权。如果站在城市发展的角度，可能说有一些话语权。假如说在发展的过程当中，有一些对城市可能的一些符号、一些概念，能够给政府提一些有效的建议，说我们搞这个建筑，有利于咱们城市形象的提升，有利于咱们地标性建筑的形成，这个我觉得是作为一个地产商来讲，还是责无旁贷的。首先，你要避开垃圾建筑，还没过五年了就让人看上去难受了，这就是一个失败的建筑，更谈不上为这个城市增光添彩了。所以，作为地产商，我觉得应该从城市发展的责任角度，更多地去思考问题，做出更多的努力。大家在座的各位都知道，我现在正在忙活开发格拉斯小镇，占地面积比较大，规模也比较大，两千多栋，现在才开发了一百多栋。有很多的朋友来看，有的是有钱人，有的也是属于跟我一样，可能是享受不起这个别墅的人。我说你们来看别墅，不要是考虑买还是不买，要带着一种享受的感觉，这是中国改革开放，咱们自己开发出来的别墅产品。在改革开放之前，咱们基本上很少见到别墅，有的话，也可能在偶尔出国，在出国能见到。经过改革开放这么多年下来以后，在咱们手下已经也建设出来非常高档次的一些别墅，有欧式的、地中海式的、也有中式的，各种形式的都在百家争鸣。住与不住是一个方面，但是大家都在享受进步，享受我们自己共同建设起来的别墅，我想这样的心态一摆正，就没有问题了。我作为一个开发者、建设者，我都住不上，但我心里很高兴，为什么？我能给富人建别墅，让他们享受咱们中国改革开放的自己的成果，我作为一个建设者、一个开发者，我感到无比地荣耀。所以说，住与不住那是另一回事，如果说将来咱们三千多亩地的别墅群体，通过咱们这个团队的努力把它建起来了，我想也就是真正在咱们中央别墅区，代表着一定地标性的建筑诞生出来了，这可能也就是对于一座城市的一个贡献。韩玮烨：谢谢王总！听您的介绍，格拉斯小镇是中国建国六十周年是非常具有中国特色的人居性建筑。为什么起格拉斯这个名字？而不起九朝会这个名字？王广善：建别墅咱们采用了很多欧式、美式的，实际上他更多的是借鉴了这么多年在别墅开发商的理念。咱们在很多别墅上都叫了一些洋名字，实际上叫格拉斯小镇，也是从营销的角度，以及西方在这方面文化的积淀而起了这个名。更多的是想让大家知道，我们引用了法国一个具有悠久历史的格拉斯小镇的传统，来达到宣传咱们北京格拉斯小镇的目的。当然，更多的还是一些建筑元素还是从那边学来的，还是从营销的角度。比如说我叫王广善，比如说我们酒店，很多人起外国名字，姓都换了，都不叫这个名字了，那也是工作的需要。王 丹：今天特别感谢九朝会以及中房报给我这么一个机会。我坐在了一个“广角”的位置，面前的这扇窗使我联想到电影院的屏幕，有人说：电影是黑暗的梦想，坐在这里和大家谈城市和建筑，我感觉到了一种“光明的梦想”，由此我很开心。另外，刚才参观了九朝会，感受了一下从魏晋南北一直到红楼情结的中国历史元素洗礼，就像进入了一个时空穿梭机的旅程中，由此也特别开心。因为今天是沙龙，我想咱们可以选各种模式来表述自己的观点，因此我先给大家念一段简单的文字，之后再告诉大家我的观点。我简单念一下，这段文字来自去年林洁林总应邀写的一篇文章，叫《地产服务15年》。“有一次在京城俱乐部开公司董事会，房间里装帧的几幅老北京照片深深吸引了我，虽然是黑白的，但生动极了。看着照片，你能够想象到二三十年代北京的情景：那应该是德胜门的城楼，边上的护城河汇集成一个不小的池塘，水面上有三五人乘舟钓鱼，头顶上蓝天白云，岸上绿树成荫，一派非常宁静的夏日景象。虽然城墙上斑驳着岁月的痕迹，但古都的那种特有气质，能够透过时空直接打动你的心。我就简单念这么一段，当然在文章后林总也有很多关于我们地产服务对于城市塑造的反思，认为我们做了15年的地产，包括1997年掀起了欧陆风，包括小户型等一些过渡型产品的此起彼伏，客观而言，其实对城市的贡献是存在一些谬误的。刚才各位专家也讲到了，说城市标志性建筑，其实我觉得这个标志性建筑，和标识性建筑可能是两个概念。因为我觉得标识它可能指的是一个点，标志性其实是一个综合性的概念。比如当我们聊起城市，就会使我想到一个短片，那个短片的名字叫“城市的远见”，我觉得可能很多专家都看过。当时讲到的一个案例是德国的鲁尔工业区是怎么样变废为宝的，把这么一个区域建成一个孩子们可以在里面游乐、融影视基地、研发中心、攀援者的乐园等一体的，那么难道它不是一个城市的标志吗？回过头来看北京，为什么我念这段文字？因为我从小就有院落的情结，家住金融街边上一个由7、8个院落组成的小组团里，因此从小就感受着舒缓的生活方式，因此当大家问到城市这个问题的时候，我觉得如果它是个带有哲学意味的问题，那么一句话：城市是属于生活的！无论你建一个高楼大厦还是一个低密度产品，你一定是需要人的体验和考证的，需要给人们一种生活感的氛围，我觉得这是城市，而且也是在我们记忆中的北京。由此我说一下我的观点，两句话，一、从经营城市的角度去做建筑，无论你是开发商，无论你是政府工程，在规划的时候，都以经营城市的角度出发，经营城市并不是很功利的，或者是以经济追求为唯一导向的。实际上经营城市这个理念于中国已有很不错的例子，我记得大连的薄熙来说，“经营一个城市，是把它作为国有资产管理来运行的过程。”这个思路非常好，并且对于大连是卓有成效的。这些年我们接触到很多项目，现在项目区块越来越大，其中不乏很多未开垦的处女地，那么如何把它变成新时代的、或者区域层面的标志是我们该考虑的，而不是简单的做一个以自有想法为主导的标识，我觉得该打造的是一种情境交融。因此做建筑商也好、策划者、营销者、还有投资商，大家对建筑要有一种整体的全方位的感触，应该是共同在其定量的基础上去找变量，从一个全面烘托可经营城市的角度去做好的建筑。第二个观点，是结合民意的默契造城市。我们在日常的营销过程中，或者说在产品定位的过程中，于20、30年的房地产运作中，经常遇到的是本位的认为由于我喜欢、由于流行、由于我自己感觉这样的产品是好的产品，它的理念非常得独特、非常有感觉，它一定能卖出去。但时至今日，大家遇到了来自于市场的反馈，答案是“不科学的，没有与需求对等的产品不一定能卖出去”。如果你产品的定位、你的性价比不够好，你的东西细节不够精准、不够细致，你前期所做的对这个项目的分析、研究不足，比如说消费者，你没有跟他对接，你完全想的就是我建了这个东西，你一定要接受，是非常不理性的。因此我认为作为一个要销售的项目，需要进行市场达成的项目，就一定需要进行消费者调查，要了解购买者的需求、喜恶，任何一种购买和消费都不是强加的。同时，如果政府改造一个区域、做一个市民广场，做一个公建，是不是也希望大家能够接受它而不是拒绝它，而不是保留距离呢？我觉得一定是需要有一种拉动和亲和作用的，要让民众意向与你所做的建设融合在一起。因此无论做商品建筑抑或是公建，都需要考虑消费者和民意的结合，明了真正的需求。当今的发展时期，无论建筑塑造、城市塑造， 评判你的总会是作为消费者、体验者和传播者的民众。其传播直接影响到你的品牌、收益以及你的有序发展和持续发展，“得民意者得天下”。所以我的观点是两个，一个是“经营城市的角度做建筑”，二是“结合民意的默契造城市”。韩玮烨：我们还得回到我们的话题，实际上大家聊了一圈，我觉得话题集中是两个点。一个是老建筑和新建筑在我们这个城市里如何和谐共处。因为老建筑是大家的心灵家园，新建筑是咱们每年盯着GDP往前跑，我觉得这就是目前我们大城市里存在的老建筑、新建筑，哪个是城市名片的问题。对于新建城市来讲，是在一个接近白纸，这是中国近几年城市化发展过程里，中国的城市才刚刚开始涉及到这些东西。近20年来，施政者，或者政策参与者怎么样来理性地确定这个地标，我觉得今天话题可以拆分成两个小的话题。第一个话题，和谐共处的问题，刚才大家聊了很多，有聊责任，谁把北京给搞乱了。我觉得还是要想一下建设性的意见，就是说在搞乱的基础上，我们各个参与者，怎么样去修复的问题。我还是想听一下建筑师们和规划口的这些专家的想法，赵老师是做城市规划的，傅老师和梁老师是偏建筑的。是不是能再给我们一些好的想法。赵云伟：转了一圈，我觉得大家可能确实是站的角度不一样，每个人都有关注点，我记了很多的关键词，有的讲的是传承传播、有的讲的是文化、有的讲的是舶来，站的角度都不一样。其实新老建筑、新老文化之间，必然面临一个问题，就是一个传承。你如果看这个东西，它自己的审美、它自己的底蕴，其实是最重要的。它怎么认为它是不是中国的、或者不是中国的，我觉得这个问题真的要上升到哲学的过程，要不然没有办法去谈的。很多事我们可能有既有的思维，我有两个个人对于中国传统文化的心得，第一个就是关于包公，我们学了很多年的历史，都觉得包公是包青天。我遇到很多的老师，跟他们讲包公的故事，他们说难道你们中国只有一个包公吗？中国老百姓是这样一个心理，他希望自己作主，所以影响到文化上的差异非常大。美国的好莱坞电影都是个人英雄主义，咱们的电影最后肯定是一个部队来救你。另外一个就是岳飞，我从小都喜欢听他的故事，之后我才知道，岳飞宋朝人，我是金朝人，我是游牧民族的后代，不是大宋朝的后代，这就是很重要的一个传承问题，你的关注点或者你的角度站在哪个地方。我刚才表述的观点，为什么说我支持现代的地标呢？刚才谁提到一个词，生活。当代生活在一个世界里，反过来看，罗马不是一天建成的，是几千年建成的，其实在罗马找不到几栋楼是留下来的，大部分的建筑一次次被推平、重建，留下来的都是幸运的。但是每一个时代，它应该都有自己代表时代的地标性的东西。这个东西也许在经济上浪费了，也许是卖不出去的，但是一定是迎合了当时这些主流的文化。目前我们这个时代的文化，其实大家都很清楚，就是消费文化，刚才王总讲的格拉斯小镇的例子，非常清楚的名字，为什么起这个名字，因为老百姓喜欢，我好买房。这就是文化的传承，我们再往上追，一直到麦当劳、肯德基。所以你单独拿中国的古典文化跟它抗衡，不太可能。我又想到一个例子，讲到李大钊传播国外的新马克思主义文化，他要首先给能听得懂的人们讲，他会跟乡绅们讲，那时候他穿着长袍，下面的人穿着西服、皮鞋。他问大家你们是否觉得我土、你们洋，你们已经吸收了西方的消费文化，我吸收的是西方文化的精髓。这个是一个很大的本质，就是说这是两条线，一条线，通过教育、通过正常的媒体渠道影响到文化。另外一条渠道就是消费，不管是购物、买房、旅游等等，一个是消费、一个是正常的文化传统。交到最后发现一个道理，这个道理就是，如果说这个人很有文化，是个博士也好，或者是留学的，出国读过书的，有学问的。其实他代表了他在国外学了很多的技术和文化，还有一条线是我们国内的这些所谓的被销售的对象，我们被动地接受了西方的电影、媒体等等。所以，两方面加起来之后，你会发现只要你是消费的东西，挖掘到根上，大部分还是西方的底蕴。包括其实我们这个九朝会，从外面看看不出来，这个地方大家认同这是望京的一个地标，可是望京在北京市就没有传统，无非是借了一个东西，还是为了消费，基于大家能够有一种怀旧的心理上的东西。如果新老对比的话，老的保留的一定不是心里的东西，而是壳。我做过西藏的昌珠镇，是中国第一个批准的，没有超过20年的房子的一个镇，批了历史文化保护名镇。这个地方几千年一直保留着传统的生活方式，它的生活方式的第一条就是我有钱我就盖房子。包括昌珠寺，中国1956年第一批历史文化保护单位，但是它跟原来完全不一样，所以说藏族的传统文化，传统生活建筑方式是保留的。包括我们的什刹海，大家觉得很好，但是都是酒吧、餐馆，已经不是以前的什刹海了。我们改造四合院，将来也是要给一些明星这种人去住。我们剩的建筑、剩的街区，是更多地保留它让大家记住它。一个城市它的进步，是一点一点地蜕变的。假如说我们再过一千年看，我相信北京没有四合院了，而且中央电视台也没了，你就不知道是什么样子了，因为那是一个进步，你只能看到当代一个时代。比如说老外到中国来，现在是连续三年老外到中国来，第一目的地是上海，不是北京。第二就是人数，我们想到来旅游的人，肯定是北京超过上海，错了，今年连续三年来上海超过北京。为什么？因为上海更接近他们生活的方式。他更多地对你城市的认同，是你内在的生活方式是不是认同。咱们再往前发展来说，我不是北京人，刚才这个王总是北京人，我就问到底多少北京人生活在北京的。伦敦、巴黎、纽约一半以上外地人在那里工作。所以这是一个趋势，这个趋势是不断地通过消费，让你慢慢地抹煞逆城市的个性，变成大一统的城市，这是没有办法去抗衡的。这是我的观点。,0.7799476385116577
375,家居,房产,传郭晶晶欲落户香港战伦敦奥运 装修别墅当婚房    首届中国跳水明星系列赛武汉站的比赛昨晚落幕，“跳水女皇”郭晶晶并没有像之前媒体报道的那样前往参赛。前天，中国跳水队领队周继红表示郭晶晶将以“休养”为由淡出，并称“并不排除退役的可能”，这立即引起人们的猜测：难道郭晶晶和霍启刚的好事将近？据香港媒体昨天报道，郭晶晶不惜放弃明年的广州亚运会，原因就是她将在明年嫁入霍家。他们的理由有两点：其一，郭晶晶已准备装修前段时间霍家所赠的北京五环外一高档别墅；其二，霍家已着手准备通过“优秀人才入境计划”(简称“优才计划”)为郭晶晶尽早落户香港。休养实为退役做铺垫据记者了解，郭晶晶这次以休养名义暂别泳池，实际上就是退役的“温和式”说法，一位跳水队内部人士告诉记者，“谁都不希望这么优秀的运动员退役，但她已到了结婚的年纪，这次休养其实就是退役，只是为了给大家一个可以接受的空间和缓冲而已。”其实，周继红前天的表态中就非常“暧昧”，“(郭晶晶)在明年一年的恢复期内，如果情况好，可能重新恢复训练，如果不好，也许就退役了。”而据郭晶晶的一前队友透露，霍启刚其实很传统，老早就不想自己的未婚妻在外抛头露面了，“加上两人聚少离多，霍公子本来就不舒服，也劝过郭多次，而郭很在乎两人的感情，也很在乎自己的事业发展，随着北京奥运夺冠，郭晶晶终于可以‘让爱做主’了。”装修豪宅作北京婚房现在，越来越多的迹象都在表明郭晶晶和霍公子的婚期已近。昨天，香港一媒体爆出郭晶晶正准备装修去年霍家所赠的价值3000万人民币的豪华别墅，并称“这很有可能就是他们俩在北京的婚房！”据说，这套别墅位于北京海淀区四季青镇门头村，在五环以外。据记者了解，该楼盘的中式院落独栋别墅面积为300—550平米之间，另外，每栋别墅送150平米的地下室。该别墅在2007年的预估开盘价就高达55000—60000元/平米。难怪媒体都将这一带的房子称作“北京顶级私人豪宅群落。”另外，香港众多娱乐狗仔近日都在霍家大宅薄扶林沙宣道33号门口跟拍，希望能捕捉到一些霍家筹备婚礼的细节。目前霍家大部分成员都住在这栋估价4亿港币的豪宅内。申请参加香港“优才计划”一方面，香港媒体对郭晶晶准备将北京的豪宅装修认作“出阁”的前奏，而另一方面，有消息称，郭晶晶已向国家体育总局申请，准备通过香港地区推出的“优才计划”落户香港。“优才计划”是香港2006年推出的引入优秀人才落户的特别通道。郎朗2006年11月27日正式成为香港居民，成为该计划启动后的首批名人。当时，奥运冠军伏明霞、钢琴王子李云迪等均在首批入选之列。以奥运冠军的身份，加上“准公公”霍震霆极广的人脉，郭晶晶通过这条路落户香港应该不成问题，当然，前提是必须先获得中国跳水队和国家体育总局的同意。现在距离伦敦奥运尚有一段时间，如果郭晶晶落户成功，到时状态允许的情况下，她届时代表中国香港参加伦敦奥运会也不会令人意外。本报记者 谢礼恒我要评论,0.4663415253162384
396,时尚,家居,搞怪ELLA运动中性家(图)ELLA 该女子乖巧可爱，喜欢搞怪。自SHE走红之后，她们的人气在内地也是与日俱增，三人中Ella最为活泼，不经意间散发出的男孩子气使人难忘。就因为ELLA的帅真，被很多人都误认为的“变性人”。脸蛋肉肉的，五官粗粗的，假小子典型。    ELLA在学校的时候喜欢打篮球，像个假小子，非常活泼好动。可同样她也非常真实、善解人意以及热情，常常用她的贴心去温暖身边的人。为ELLA推荐的是休闲运动的装修风格。,0.5812498331069946
444,家居,房产,内地富豪最喜欢居住十大中国城市之深圳5.深圳深圳奢侈品牌也很多，但要比广州少一些，但是奢侈家具品牌却是深圳强项，目前国内奢侈家具类品牌为北京，杭州，深圳三足鼎立的趋势.因为深圳离香港最近，深圳人大部分都去香港消费奢侈品，比例要比同样有去香港消费习惯的广州人要更高一些。我要评论,0.4846648871898651
519,科技,家居,我的温暖我做主 散热器凸显温暖真意11月初，一股强冷空气由北向南，突袭了全国大部分地区。而且，在过去的半个月里，各地的寒冷程度均有增无减。严冬的提前到来，让各地的人们深受其苦，特别是对于那些采用集中供暖的家庭来说，等待供暖的这段日子着实难熬，而少数采用分户供暖的家庭则顺应气候变化，提前享受到了温暖舒适的冬天。分户供暖因其自主性和舒适性再次受到消费者的广泛关注。“截至目前，中国的分户供暖用户大概有200多万户，数字听上去很大，但与英国的180万户和南韩的120万户相比，这个用量与中国的人口数量还是不成比例的，市场潜力非常可观。”日前，在德国威能与德国水丽的战略合作签署仪式上，德国威能中国区总经理王伟东向记者介绍。据中国国际建设市场研究院副院长袁清等业界专家表示，随着经济的发展和人们收入的提高，以及国家节能和温控热计量政策的推行，分户供暖将成为全国尤其是长江流域及以南地区采暖的主要方式。据相关部门统计，2000年以前，分户式供暖产品仍局限在黄河以北市场，而2005年后其覆盖市场已移至长江以南。以上海为例，已经形成分户供暖为主，集中供暖为辅的市场格局，像上海的安亭新城是集中供暖，其他都是分户供暖。需求推动变革 分户走俏绝非偶然 随着我国城市的高速发展，热力建设逐渐跟不上市场需求的步伐，用户对集中供暖的抱怨和不满逐渐显现，比如：压力不足而导致供热不均，温度偏低等等。这种矛盾在近几年表现的更为明显，变化无常的气候给采暖季前后的居民生活带来了极大困扰，供暖太晚、停暖太早、室温过冷或过热等问题接连不断，直接导致了这段期间的感冒发烧门诊人满为患。而2008年那场雪灾至今仍让不少人对寒冷心存余悸。此外，住宅的商品化也是一剂催化剂。一方面，双卫、多卫等大户型、复式、别墅的增多，使消费者进一步提高了对家用采暖设备及生活热水的要求；另一方面，随着投资房的兴起，以及长途旅游、度假的流行，房屋闲置的情况越来越多，为空屋支付采暖费也成了许多人无奈的痛，于是，人们开始计算取暖成本，开始关注并寻求自主性更好的采暖方式，集中供暖的垄断地位也因此受到了前所未有的冲击。分户供暖：自主随心 温暖人心与传统的集中取暖设备相比，分户供暖具有不可比拟的自主性和舒适性。用户不但可以随时任意调节不同居室的温度，而且在家中无人时，只需调低至无人在家的值班温度，从而节约了能耗；下班要回家前，只需要通过智能化模块自动启动设备，回家后就能立刻感受到家的温暖。正是由于分户供暖具有不受外界条件干扰的特点，越来越多的开发商和用户开始主动要求采取独立式的供暖方式。而与其他辅助型独立取暖设备相比，采暖、热水一体化的壁挂炉是目前分户供暖市场的新宠。据国家燃气用具质量监督检测中心副主任刘彤介绍，在遭受寒流突袭之后，原本可以充当非传统供暖地区采暖方式的冷暖空调，由于室外机经常结霜而失去了功用，因此，人们对于壁挂炉等国际潮流新品的关注空前高涨，对于独立采暖的需求也格外迫切。细节彰显真意 用国际的标准为中国节能除了随时随心取暖的独特优势，分户取暖的节能、环保特点才是其日渐成为国际流行采暖方式的重要原因。据记者了解，目前分户供暖通常采用太阳能、地源热或天然气等能源，比烧煤更加环保；由于没有热效能损失，分户取暖可节约20%-28%的燃气费用。考究生活品质，注重产品公益性能的欧洲消费者较早意识到了这一特点。据德国威能集团全球总裁罗夫•林巴赫表示，分户供暖在欧洲普及率超过85%，是多数家庭首选的采暖方式。虽然分户供暖的概念在中国的推广还不成熟，但随着中国政府大力提倡节能环保，分户供暖产品在中国的市场前景非常乐观，将成为未来的主流趋势。市场扩容 源于投入与收益的完美平衡业内人士表示，经过这些年的市场培育，分户供暖与集中供暖相比较的性能优势已经被大多数人所认同，真正制约前者发展的主要因素之一，其实是前期投入成本。但是，与此同时，我们也看到众多开发商依然青睐这种采暖方式，到底是什么驱动着市场的发展呢？对此，威能中国总经理王伟东介绍，“以主要针对中高端房地产项目的威能产品为例，虽然一次性投入比较高，但每年采暖成本比使用传统采暖方式节省20%至30%不等，使用几年后完全能收回成本。”优势明显的产品性能，配合投入与收益的完美平衡，使得相关产业获得了迅猛发展。依然以德国威能为例，2006年来自可再生能源产品的收入仅占这家全球第一的壁挂炉企业5%的营销额，但对比2005年的2%，已有150%的成长速度。另据王伟东透露，威能08年在华销售额实现了40%的高速增长。结语：分户供暖不但满足了用户对自主采暖的高要求，更是对集中供暖市场的不可缺少的补充。同时，分户供暖顺应国家对于节能的政策改革方向，在国外和国内北方的新型小区的建设中已经慢慢代替传统的集中供暖，或将成为未来采暖方式的新潮流，以真意温暖更多中国家庭。 ,0.5860170125961304
567,游戏,科技,支持64位游戏 驰为游戏机PGH即将上市据了解，驰为将推出一款型号为PHG的游戏机，其中P代表PMP、H代表高清、G代表游戏机。也就是说，这款产品是一款融合国内高端MP4与游戏机。驰为把在传统MP3方面所擅长的音质、720P高清、续航方面应用到游戏机上面，加强了此款产品的竟争力。并且，据了解，驰为此款游戏机虽然加入了MP4元素，但是游戏功能也同样十分强大。除了常见的8位、16位、32位游戏以外，还首次加入了64位游戏的功能。对此款产品感兴趣的朋友，可以关注我们的后续报道。,0.5972134470939636
587,游戏,家居,挑“T”总动员-获奖作品展示第二周周人气奖(1名)  获奖作品名称：冰糖炖双雪南北杏 (编号 69654)作品说明：[原料/调料]雪梨1个，雪耳半朵，南北杏各15粒，冰糖适量，枸杞8粒(装饰用)[制作流程]1：雪耳用水泡软，清洗干净，去蒂后剪成小朵；2：雪梨清洗干净，去核，切成小丁；3：南北杏清洗干净；4：把冰糖、雪耳、雪梨、南北杏放进紫砂煲的炖盅里，加入2碗热开水，盖上盖子，放进紫砂锅；5：紫砂锅里加入齐炖盅半腰的水，启动“隔水炖”键，炖1.5个小时即可。功效：清肺润喉，祛燥止咳，是秋冬季节很好的滋润糖水。第二周周创意奖(1名)  获奖作品名称：红绕肘子 (编号 69632)  作品说明：[原料/调料]肘子1000克，花生油2000克(实耗75克)，酱油50克，料酒75克，盐1.5克，葱、姜、五香料少许，淀粉15克，糖10克，汤适量，青蒜少许。 厨房器具：紫砂煲、电压力煲、电磁炉、盘子等；[制作流程]1.选皮薄、毛孔细小的新鲜肘子，剔去骨头，修整成圆桃形状。2.肘子皮朝上，放入五香料用紫砂煲熬煮煮至五成熟捞出。3.在电磁炉上将油锅烧热，把肘子皮朝下炸呈黄色，炸时不停地翻动，以防糊底。4.炸好肘子捞出，放一碗内，加葱、姜，用卤汤对些水，浇入碗中，用电压力煲蒸烂。5.将蒸好的肘子扣入大盘内，汤沥在锅中，加入料酒、味精，调一下色味，开始勾芡，撒上青蒜段，淋入明油，浇在肘子上即成。,0.7108938097953796
609,房产,时政,我国力争明年完成地方各级土地规划修编6月2日，第十八期国土资源管理市长专题研究班在山东烟台举办，国土资源部副部长、党组副书记、国家土地副总督察鹿心社出席并讲话。鹿心社强调，要全力做好土地利用规划工作，切实落实两个“最严格”的土地管理制度，为当前扩内需、保增长，长远促进我国经济社会全面协调可持续发展作出新的贡献。山东省委副书记、省长姜大明会见鹿心社一行。山东省副省长孙守璞，烟台市市委书记、市人大常委会主任孙永春致辞。这期研究班的主题是土地利用规划管理。主要任务是：认真学习贯彻党中央、国务院关于加强土地管理的一系列指示精神，以科学发展观为指导，充分认识土地利用规划在落实国家宏观调控政策、实行最严格土地管理制度中的重要作用；切实落实《全国土地利用总体规划纲要(2006-2020年)》，扎实做好地方土地利用总体规划修编工作，为当前扩大内需促进经济平稳较快增长，长远实现全面协调可持续发展提供更加有力的土地资源保障。鹿心社强调，做好土地利用规划工作是贯彻落实科学发展观的客观要求。科学编制土地利用规划不仅是保障长远可持续发展的需要，在当前也具有重大意义。一是我国的土地基本国情决定了必须始终坚持土地的统筹规划和严格管控。我国是一个发展中的人口大国，耕地资源十分紧缺，保证十几亿人口的吃饭问题压力巨大。工业化、城镇化进程加快，未来土地开发利用面临严峻挑战。二是保障和促进科学发展要求进一步加强和改进土地利用规划工作。土地资源的合理配置和永续利用，是科学发展的基础和前提。我国已形成了具有中国特色的土地利用总体规划体系，土地利用规划在城乡建设和土地开发利用活动中的“龙头”地位已经确立，但是总体上看，土地利用规划工作水平与贯彻落实科学发展观、加强土地调控和严格土地管理的要求相比还有明显差距，必须采取有力措施，切实加强和改进。三是当前改革发展的各项重大部署对土地利用规划工作提出了新的更高要求。保增长扩内需保民生要求土地利用规划工作积极跟进。推进农村改革发展要求及时、高质量完成地方土地利用总体规划修编。大力推进农村土地整治需要深化基层土地利用规划。鹿心社指出，经国务院同意，今年第三季度要完成大部分省级规划的审查报批，年底前完成大部分报国务院审批的城市土地利用总体规划的审查报批，力争到明年底基本完成地方各级规划修编。新一轮土地利用总体规划修编要坚持以下基本原则：一是严格保护耕地。要严格保护耕地特别是基本农田，加大土地整理复垦开发补充耕地力度。二是节约集约用地。要合理控制建设用地规模，积极拓展建设用地新空间，加快由外延扩张向内涵挖潜、由粗放低效向集约高效转变。三是统筹各业各类用地。要按照区域发展总体战略的要求，优化配置各业各类用地。四是加强土地生态建设。要统筹安排生活、生态和生产用地，优先保护自然生态空间。五是强化土地宏观调控。要立足构建保障和促进科学发展新机制，加强和改进规划实施保障措施，增强土地管理参与宏观调控的针对性和有效性。目前，省级土地利用总体规划大纲大部分已经完成并审查通过。市级土地利用规划修编首先要落实好省级规划下达的任务，同时要根据国家要求，结合本市实际，突出空间性和结构性，着重把握以下关键环节：一是坚持从严保护耕地。要严格控制耕地减少，加大补充耕地力度，合理安排耕地和基本农田布局。二是严格控制建设用地。要从严控制建设用地总规模特别是城乡建设用地规模，合理确定城镇工矿建设用地规模，做好中心城区土地利用规划。三是优化土地利用结构和布局。要优化城乡用地布局，引导城镇用地内部结构调整，统筹生产、生活和生态用地。鹿心社强调，提高土地利用规划工作水平要切实加强组织领导。一要加强组织领导，城市政府领导要进一步增进土地利用规划知识，增强土地利用规划意识，带头研究规划、带头执行规划、带头维护规划。二要搞好协调配合，建立政府统一领导，有关部门共同参与、分工负责、协作配合的规划组织机制。三要落实保障措施，要从法律、行政、经济、社会、科技等方面，制定和完善规划实施保障措施。四要加强规划的公众参与，要遵循公开、民主的原则，建立健全公众参与制度，提高规划透明度，使土地利用规划成为大众的规划。本次研究班还邀请了烟台等6个城市介绍土地利用规划管理的做法和经验，安排部有关司局负责人和专家讲解土地利用规划的有关事务和理论，并就当前土地利用规划管理的热点和难点问题深入讨论。在此期间，还将考察烟台市农村土地整治项目现场。(来源：中国国土资源报 记者 田春华 李现文),0.6757712364196777
661,房产,家居,低调而神秘的富豪低调而神秘的富豪一位辽阳媒体人对记者说：“刘忠田为人低调，而且不涉黑，不像袁宝?。”对于外界，忠旺集团非常神秘。在忠旺集团总部院里，有一座据称比厦门远华案中著名的“红楼”还豪华的小楼，专门招待来参观视察的领导。而占地18万平方米的忠旺集团内部，就像是一个微缩社会，吃穿住行都不用出门，外来者则须经过重重关卡，才能进入。辽宁的媒体和中央媒体驻辽宁记者站的记者，几乎都没有采访刘忠田的机会，许多记者都遭遇过被拒之门外的尴尬。忠旺集团一位员工告诉记者：“近期不用到集团来采访了，现在一切外来车辆和外来人员都不让进大门。” 刘忠田的低调，使人们对其产生了两种截然相反的印象，一种是认为他人很好，很随和；另一种则认为他很“牛”，而且是牛得不得了的那种。辽宁省某厅的一位官员就说，有一次，厅里组织本地媒体和外地媒体记者去采访，到了忠旺集团的大门口，保安连门都不让进，打了个电话，就说老板不在，无法接待。但没多久，这位官员就看到刘忠田的轿车驶出大门，扬长而去。对辽阳本地的官员，他也常常不买账。2007年时，辽阳一位官员带着一个急需贷款的企业主，到忠旺集团去请求帮忙担保，虽然来者以近乎哀求的口气保证说“对忠旺集团的担保会付出较高的利息”，但刘忠田未予理睬。但一位辽阳媒体人士以敬佩的口气说，刘忠田这人非常随和，也非常好心。他举例说，忠旺集团起家于徐家村，刘忠田这么多年一直对乡亲们非常好，给村民发米、面、油，对贫困户都是给上万元的现金。记者询问几位忠旺集团的员工对企业的印象，都说感觉像是在国企上班一样，一线员工每月工资2000元左右，在当地算是中上等，福利待遇较好，只要有大一点的节日，都会发二三百元，有时还会发油、面等。刘忠田很少出外应酬，大部分时间都是在集团内的各企业、车间里面走动，看到有问题立即指出来。“非常严厉，毫不留情面，但只是就事论事。”一位曾被训斥过的员工说。年轻的高管团队港隆实业董事长刘岩比刘忠旺大两岁，两人的人生轨迹相差极大，但最后却殊途同归，成为搭档。刘岩1985年毕业于北京联合大学，毕业后曾在北京一家低压器厂任技术员。在刘忠旺创办化工厂的时候，刘岩则在澳大利亚和新西兰留学，之后到香港创业。在港隆接手威力旺之后，2004年这家合资公司又变更为辽宁忠旺集团有限公司，刘忠田任董事长，刘岩则任副董事长。不过，据上市招股书，刘岩作为港方出资人和副董事长，并未进入董事局。一位忠旺集团的工作人员说，忠旺集团的负责人，就是刘忠田和刘忠锁兄弟，另一位执行董事勾喜辉负责管理日常业务，而“二把手”执行董事路长青，则专门负责上市事宜。勾喜辉与路长青都有专业背景，勾喜辉今年42岁，曾任长春市起重机厂工程师，后来到辽宁工作，从事铝型材模具设计，并进入忠旺集团任副总经理。刘忠田一向不抛头露面，即使是在路演和招股的过程中，也是由执行董事兼副总裁路长青代言，与投资者及媒体打交道。只有30多岁的路长青，是忠旺集团在2007年底从汇源果汁挖来专门筹划上市的高管，曾在投资银行工作，2003年加盟汇源，出任投资管理部总经理，后任董事会董事，在2007年2月帮助汇源果汁在香港上市。进入忠旺集团之后，路长青有了再度发挥专长的舞台，在金融危机之中，帮助忠旺集团改善了公司治理结构，引进风险投资，并成功地推动忠旺集团在香港上市。刘氏兄弟对企业的管理，几乎都是自学来的。其弟刘忠锁今年38岁，大专学历，曾担任过辽化纤维厂的供销科长，后进入忠旺集团，从辽阳福田化工有限公司经理一直做到集团总经理。一位到忠旺集团工作已经数年的员工说，平时刘氏兄弟很少在辽阳，大都到国内外的企业去考察、学习，一有好的经验、新的管理方法，就拿回到企业来试验。而集团办主任郑青山则更为年轻，仅有30岁，2001年在辽阳技术学院中文系毕业后就进入忠旺集团，主要负责企业文化建设、对外交流和党团工作，兼任集团党委副书记、纪检委副书记。(本报记者 高斌 发自辽阳) ,0.5487166047096252
733,房产,教育,知己知彼：新老四级比较分析报告新四级源于老四级又有别于老四级，具体而言，两者的区别主要在以下几个方面可以体现。首先，评分体制不同。老四级满分为100分，及格分为60分；而新四级满分为710分，最低分数为290分，及格分数线425分。这是一种表面的变化，无非是把原来的分数放大了7.1倍，但是这个评分体制的影响却是积极的。因为以前在100分制时，60至85之间均发合格证，看不出成绩的高低，不能完全体现考生水平，更不能体现考生听力、阅读、写作等方面的分项能力。现在710分制下，成绩单将会分项计分，听力、阅读、综合和写作的成绩都将具体给出，这可以明显反映考生英语水平具体的情况，是口头能力强还是笔头能力强等。其次，考查手段有异。具体说来是指题型有了变化。比如，听力部分，原来的题型是短对话以及短文或复合式听力二选一，而现在新四级复合式听力成为必考，此外又增加了长对话(这种题型来源于托福考试的传统题型)。又如，阅读以前只考篇章阅读理解，即考四篇文章，每篇文章后面有五个题目；现在阅读分为快速阅读，选词填空，以及两篇和老四级一样的篇章阅读理解(其中，快速阅读占10%，仔细阅读占25%)。再如，综合部分，原来是或简答或翻译或完型三选一，而现在是两个二选一的题型，即改错和完型二选一，简答和翻译二选一。而且翻译老四级是英译汉，新四级是汉译英。最后，新老四级的一个重大区别是新四级将没有词汇与结构部分。两者不变的是四级的写作部分。对发生变动的各个题型作一个综合分析，可以看出新四级更加侧重主观题的考查，考生需要写的部分更多了。比如，听力部分的复合式听力部分，快速阅读的最后三个题目，改错部分等等。再次，考查程序不一。老四级的考试程序是：听力——阅读——词汇与结构——或完型或翻译或简答三选一题型——写作；而新四级的考试程序有了变化：写作——快速阅读——听力——仔细阅读(包括选词填空和篇章阅读)——完型和改错二选一——翻译和简答二选一。考试程序的变化对考生应试心理的要求不同，对考试过程中时间调配的方法亦不尽相同。比如，老四级可以把词汇题的时间压缩一点，把阅读题的时间增加一点；而现在如果要增加第四部分阅读理解的时间，只能牺牲一点综合题的时间了，时间融通的难度有所加大。又如，老四级考试把写作部分设置在最后，考生可以借用或牺牲前面一些难题的时间(在实际操作中，很多情况下卷一和卷二会在开始就一起发给考生)，而新四级却把写作放在开头，而且等30分钟过去后，才发快速阅读的材料，这样对写作速度就有了更加严格的要求。最后，考查重点有变。新四级把听力部分的分数比重从20%上升到35%，而阅读部分的比重由40%下降到35%。这一变化可以说四级考试把听和读的能力放在不分伯仲的地位。另外，新四级加入了快速阅读，信息含量大大增加。综合讲，新四级提高了“听的能力和读的速度”，这体现现代社会不仅需要大量的信息阅览，而且还需要实际的口头交流，交流的前提是听懂对方的语言。新的时事促进改革，改革体现新的时事。信息大爆炸的社会，需要你更快更准的摄取你所需的资料，国际化的时代，需要你熟练地与外交流。新四级的改革多多少少还是反应了这些社会大背景。    更多信息请访问：新浪四六级频道 四六级论坛 四六级博客圈特别说明：由于各方面情况的不断调整与变化，新浪网所提供的所有考试信息仅供参考，敬请考生以权威部门公布的正式信息为准。,0.28104034066200256
786,时政,房产,"广东8月CPI降幅收窄 专家称可能成年内拐点本报讯(记者/张启通讯员/岳佳综)省物价局日前组织召开价格形势分析会,研判我省8月价格运行情况及未来走势。与会专家指出,8月可能是年内CPI拐点,房地产、汽车、旅游等主要消费行业景气度回升,但农产品价格不会持续大幅上涨。省物价局表示,目前临近建国六十周年庆典,要营造和谐稳定的价格环境,严格控制出台涨价项目,避免调价带来的累加效应。据国家统计局广东调查总队数据,8月我省居民价格消费指数(CPI)连续第7个月出现负增长,同比下降3.1%,但降幅比7月收窄1.1个百分点。汽车消费方面,1-8月我省汽车类零售额大幅增长29.3%,增长幅度远高于消费品零售总额的增长,6、7两月我省乘用车市场则连续出现同比、环比“双增长”的向好信号,表明汽车市场回暖的趋势正在得到巩固。房地产方面,商品房销售持续上升,1-8月全省商品房销售面积同比增长53.1%,增幅比1-7月提高4.3个百分点；销售额增长62.2%,比1-7月提高4.7个百分点。其中8月商品房销售面积环比上涨11%。此外,1-8月全省商品房销售均价同比增长5.9%,比1-7月上涨1.49%。专家认为,宽松的货币政策和投资需求大量入市造成了4月以来商品住房价格的较快上涨,这在一定程度上抑制了市场的自住需求。“目前,政府采取加大对投资需求、违规信贷资金入市的监管力度、打击囤地、囤房行为增加市场供应等措施,预计房价快速上涨的步伐将有所放缓。”旅游业方面,今年上半年,在金融危机和甲流疫情的双重影响下,我省旅游业受到较大冲击。但随着国民旅游休闲计划的启动,以及建设旅游强省一系列政策措施的出台,旅游业开始走出困境。 我要评论",0.6903411746025085
796,房产,时政,北京公租房暂不对非京籍人士开放本报讯 下周一起，取得廉租房、经适房、两限房资格的家庭无须再次申请，经过登记即可进入公共租赁住房(以下简称公租房)轮候范围。昨天，《北京市公共租赁住房管理办法(试行)》正式发布，自8月1日起实施，首先解决已取得政策性住房资格但暂时无力购房者的住房困难和过渡住房需求。非京籍住房困难者暂不能享受这一优惠政策。    公租房租金低于市场价公租房是指政府提供政策支持，限定户型面积、供应对象和租金水平，面向本市中低收入住房困难家庭等群体出租的住房。公租房将按照保本微利的原则并结合承租家庭负担能力和同类地段类似房屋市场租金一定比例下浮确定租金。公租房的维修、养护、管理由产权单位负责，产权单位也可以委托专业服务企业管理。“政府支持、市场运作、公平公开、严格管理是公租房的基本原则。”市住房和城乡建设委员会委员徐志军表示。今年购建50万平方米公租房由市区县政府所属机构或政府批准的机构通过新建、收购等方式多渠道筹集。按照本市住房建设计划，今年将收购建设50万平方米的公租房，主要位于大型公交枢纽等交通便利区域，以一、二居小户型为主。公租房建设用地实行有偿使用，其中对于政府所属机构或政府批准的机构建设的，用地可采取租赁方式，按年缴纳土地租金。“第一批公租房中不仅有新建的还有配建的，以及政府回购的公租房，市民不用等待太久就可以住进公租房。”徐志军说。受益群体获得政策房资格可登记轮候公租房主要针对本市中低收入住房困难家庭，包括已通过廉租房、经适房和两限房资格审核尚在轮候的家庭及其他住房困难家庭。据悉，截至6月底，本市廉租房受理居民申请2.6万户，经适房5.6万户，两限房5.2万户；通过审核备案的，廉租房2万户，经适房4.6万户，两限房4.2万户。已通过资格审核正在轮候的家庭，可直接到户籍所在地街道办事处或乡镇政府申请轮候公租房。公租房实行公开配租制度。符合廉租房、经适房、两限房申请条件及家庭中有60岁(含)以上老人、患大病人员、残疾人员、复转军人、优抚对象或重点工程拆迁的优先配租。符合配租条件的家庭只能承租一套公租房，不能同时享受廉租房、经适房或两限房等政策性住房。市住保办政策计划处处长崔少飞解释，取得了“三房”审核资格，实际上就具备了公共租赁房的租赁资格。非京籍夹心层暂不享公租房此前有消息称公租房将首次面向部分住房困难的非京籍人士，但此次公布的政策并未将这部分人纳入其中，供应对象仍限定为京籍。“其实公租房并没有新的准入标准，而是与政策性住房共用一个标准，这部分人需求强烈，审核基础完善，政策在试行阶段主要是解决这些人的住房困难。随后，根据试行情况完善细则和办法，逐步将其他住房困难人群纳入进来。”崔少飞表示。随着廉租房、经适房、两限房政策的实施，本市大多数中低收入家庭住房困难得到了解决，但仍有部分中低收入家庭既不符合廉租房条件，又无力购买经适房或两限房，政策的第一步就是解决这些人的住房困难。退出机制租满5年条件复核后可续租公租房租赁期限最长5年，合同期满承租家庭应当退房。需续租的，应在合同期满前3个月内提出申请，由产权单位会同相关单位复核，符合条件的续签租赁合同。承租家庭不符合承租条件但暂时不能腾退房屋的，租赁合同期满后给予两个月过渡期，过渡期内按市场价收取租金。过渡期届满后承租家庭仍不退房的，按房屋产权单位规定的标准收取租金，具体在租赁合同中约定。“这就是用经济的手段实现退出机制，过渡期内及之后仍不退出的按照市场价收取租金，也就没有了公共租赁的意义，以此保障真正住房困难者可以获得房源。”住建委委员徐志军说。租赁公租房仍可轮候政策房公租房实行动态管理，将承租住房转借、转租的，擅自改变承租住房居住用途的，连续6个月以上未在承租住房内居住的，连续3个月以上未按期交租金的以及其他违反合同行为，产权单位可与承租家庭解约收房。承租家庭如获得其他形式政策性住房的也需退出公租房。徐志军解释，承租公租房仍可轮候经适房或两限房，一旦获得房源就要退出公租房。骗租5年内不得申请政策房申请者不如实申报，骗租公租房，由产权单位解除租赁合同，承租家庭应退房并补交租金。过渡期满后拒不退房的行为要记入个人诚信档案，5年内不能申请政策性住房。产权单位在租赁合同存续期间不按规定的租金标准收缴租金或擅自向不符合条件的家庭出租公租房的，要限期整改，退回、补足租金或收回住房。  各方反应市场不会严重冲击租房市场链家地产有关负责人表示，此次出台的公租房政策对二手房和租房市场的冲击不会太明显。“首先是量还不是很大，50万平方米的供应即使按照50平方米一套来算也不过1万套，但每年租房市场的需求量在100万套左右，因此实际的冲击比较小。”该负责人表示，公租房的供应群体也有特殊性，从这两个角度看直接的冲击都不会太大。该负责人表示，目前的租房群体中外地人占大多数，这次政策没有纳入非京籍人口可能也与此有关。“我想直接的冲击不大，要是有影响也是对市场心理预期会有一定的冲击。”该负责人表示，公租房政策刚刚出台，地产公司还处在研究阶段，具体市场销售方向有没有调整或对策还要进一步分析。市民住公租房省钱心里踏实租住在朝阳区南磨房的李先生已获得两限房申购资格。“我大学毕业后落户北京，一直没房，现在每月花1000多元租房，等待两限房快一年了。现在房源有限，什么时候能住上急不来。要是能住公租房，我一定申请。”李先生说，买房要用钱，租房能省就省。“我在北京租了8年的房子，搬家已经不计其数了。刚租个便宜房子，住一年人家就不续约了，中介说房子一直涨价，租别人还能涨钱，房东不愿续约。公共租赁住房住着踏实，价格也会公道些。”李先生说。对于此次公布的公租房政策，租住在西三旗地区的王先生很失望，他已经在京工作6年了。“原来以为我们外地人也能住公租房，没想到还是不行。”开发商对公租房产权谨慎对待一家不愿透露名称的开发商表示，是否持有公租房的产权要非常谨慎，“房产开发毕竟是商业行为，一定是要赢利的，运营公租房要看税收优惠有多少，地价怎么样，谁负责承租，多少钱租，如果没有人租怎么办，成本是多少。我想开发商是会非常谨慎的。”链接·其他政策房两限房：针对本市中等收入住房困难的城镇居民家庭、征地拆迁过程中涉及的农民家庭及市政府规定的其他家庭。申请人须具有本市户口；城八区申请家庭人均住房面积不超15平方米，家庭年收入不超11.6万元，家庭总资产不超76万元。经适房：政府限定住房面积以及销售价格等，面向低收入住房困难家庭出售。申请人须取得本市城镇户籍时间满3年，申请家庭人均住房面积不超10平方米，家庭年收入不超过6万元，家庭资产不超48万元。廉租房：政府以租金补贴或实物配租的方式，向符合城镇居民最低生活保障标准且住房困难的家庭提供住房。申请人必须具有本市城镇户籍；申请家庭人均住房面积不超7.5平方米，家庭资产不超过40万元。对话申请公租房也需要公示记者：为什么租赁期限为5年？崔少飞：公租房是个过渡性的住房选择，部分家庭需要一定的时间积累资金后购买政策性住房，举个例子，一个家庭一年可以积累2万元的存款，那5年后就可以积累到10万元，基本具备购买政策性住房的条件。记者：如何杜绝一些别有用心的人打公租房的主意，如何管得住公租房转租？崔少飞：公租房坚持市场化管理，产权单位要承担管理监督责任，主要还是通过租赁合同来实现监管，这就成为一种民事行为，通过合同形式确定责权利。记者：公租房的产权到底由谁持有？开发商有没有资格持有？崔少飞：原则上要坚持政府主导，它可以是政府回购，可以是政府所属机构持有，或政府批准机构持有，房屋建筑单位如果有意经营公租房也可以向政府提出申请，经过审核批准后也可以成为公租房产权的持有者。记者：公租房的户型有没有具体规定，有没有上限？崔少飞：目前考虑是90平方米以下，但具体会根据需求灵活掌握。比如租住廉租房的家庭可能就会需求小面积的公租房，但等待轮候两限房的家庭可能就会需要稍微大一点的住房，因此没有严格规定一居或两居的面积。记者：公租房要不要公示？崔少飞：应该进行公示，方式也应该和政策性住房相同。记者：市政府提出解决住房困难要采取租售并举的手段，今后如何体现？崔少飞：此前，已陆续推出两限房、经适房和廉租房，但在整个住房保障体系中租房的比例还比较小，今后要逐步加大租赁住房的比例，使住房困难群众都能有房住。部分公租房项目北苑南区项目建筑面积：3万平方米目前市场租金行情：一居、两居在1800元到2500元。西二旗地块建筑面积：5万平方米目前市场租金行情：一居、两居在1900元到3000元。本版采写本报记者郭爱娣> 相关阅读：北京50万平米公共租赁房年内建成广东今年试水公共租赁住房 舆论忧心权力寻租,0.853779137134552
894,房产,教育,中国食材涨价不止 洛杉矶中餐馆叫苦不迭生意难做 据美国《侨报》报道，酱油、五香粉、花椒、大料等等的调味品，你到哪里可以找到替代品？由于人民币一直升值，引发了来自中国的调味品、干货、罐头等食材的涨价，让美国洛杉矶地区不少的中餐馆都感到生意难做。一些餐馆业者告诉记者，为了维持中餐的原汁原味，他们也不敢轻易更换廉价的调味品，以免自己赶走老顾客。国货涨价，洛杉矶地区不少的中餐馆都大叫吃不消。因为中餐馆大约60%以上的调味品、干货，都仰仗来自中国大陆的进口产品，近年来人民币上涨了30%，让中餐馆也承受了涨价的压力。在洛杉矶、尔湾及拉斯维加斯等地经营了11家大小餐馆的加州金都金塔饮食集团总经理林文超表示，为了维持餐馆的信誉及留住老顾客，就算是人民币一直涨，来自中国大陆的食材也一直涨价，集团仍一直沿用来自中国大陆的酱料及干货等等中餐馆必须的日常食材。林文超表示，在经济不景气的情况下，几乎没有中餐馆敢涨价的。而且，厨房的大师傅也不同意，因为他们要确保餐馆的味道纯正。为了抵抗不景气，他们集团采用了高档餐馆与大众餐厅并举的经营策略，希望可以在经济萧条的时候生存下来。在目前的经济形势下，普通中餐馆的毛利润在50%左右，除去房租、保险、薪资及电费等等以外，纯利有一成就已经很好了。在洛杉矶中国城经营餐馆超过40年的黄金泉告诉记者，通常来说，餐馆使用的调味品、辅料等占成本的8%左右。因此，调味品的价格上涨，将原本已经利润很薄的中餐馆业推向了更加艰难的境地。黄金泉告诉记者，从80年代开始，他们餐馆就仰仗从中国大陆进口的调味品及各种食材，一度在洛杉矶地区成为大家都喜欢的中餐馆之一。但是，这两年以来，各种食材都在涨价，让不少的中餐业者都感到吃不消。餐馆业者朱先生表示，近两年来，来自中国大陆的调味品的批发价，至少上涨了50%。但是，这些都是中餐馆没有办法逃避的涨价。他表示，酱油就是酱油，花椒就是花椒，到全世界都无法找到替代品。同时，为了保证口味，他们也不敢轻易更换任何一种的调味品，以免自己赶走老顾客。(记者：蔚宇),0.29250600934028625
901,房产,家居,房地产新开工量下半年大幅提升 家居业加速回暖由于上半年商品房销售多为消化库存，房地产新开工量增长有限。而下半年，随着新开工项目的大量上马，房地产市场有望带动相关产业加速回暖。 下半年新开工量将有明显增长上海克而瑞公司有关负责人表示，以北京、上海等城市为核心，多数典型城市的房地产新开工量将在下半年大幅提升。其中包括政府新立项的保障类住房规划区、新出让的经营性用地，以及此前捂盘惜售的商品房项目等。上海市规划局也于日前披露了上海十五大居住规划区。其中，以保障性住房为主的近郊六大基地为宝山顾村、嘉定江桥、松江泗泾、闵行浦江、南汇周康航、浦东曹路。9个大型经济适用型居住社区则涉及宝山、虹口、嘉定、普陀、青浦、闵行、闸北、徐汇、浦东新等，规划经济适用房建设用地面积约140亩，可建经济适用房建筑面积约330万平方米。业内预期，随着下半年土地储备的集中释放和十五大居住规划区的落实，上海新开工面积有望大幅提升。“参与配套商品房基地的建设，虽然对企业来说利润率不同，但是可以确保开工量，帮助政府为市场平衡供需。”一家上海 大型国资房企内部人士告诉记者。根据官方统计，今年上半年，虽然上海商品房销售面积增长27.9%，销售额增长82.1%，但房地产开发投资却同比下降3.1%。“导致这种状况的原因之一是上半年房地产企业多为消化去年库存，而少有新开工项目。”一位上海房地产企业高层表示。这一结论也适用于全国。国家统计局数据显示，上半年，全国商品房销售面积3.41亿平方米，同比增长31.7%。但房屋新开工面积为4.79亿平方米，同比下降10.4%。而根据DTZ 戴德梁行日前发布的《中国住宅市场2009年上半年分析报告》，上半年商品房成交量的持续恢复带动前期库存积压的加速消化。如果按2009年的月均成交测算，预计未来3个月内现有库存将有可能消化出清。“总体来看，上半年全国新开工面积增幅同比去年大幅下降，但已经趋于稳定。房屋竣工面积增幅不断提升，市场供应量会相应增加。一旦库存基本消化，新开工面积增加，下半年楼市增长对相关产业的拉动效应将更加明显。”一位房地产业内人士称。北京方面对新开工情况同样乐观，中原地产北京公司总经理李文杰介绍，下半年北京新开工量相比上半年将有明显的增长，其中供给多集中在新城区及郊区。“整体来看，目前北京的供应比2004至2007年仍然少很多。北京高峰期每年的供应量超过20万套，现在估计只有原来的六成。所以政府想尽办法要求开发商开工，同时增加新的供给。”李文杰称。相关产业有望加速回暖 随着房地产新开工量的增长，包括建筑材材料、装修材料在内的多个相关产业有望加速回暖。“我们一个明显的感觉是，上半年公司业绩同比已经有所提高，接下来，随着一些大型房地产企业和区域土地储备的集中释放，我们的业务量还会继续增长。”一家名为卓宝科技的企业负责人告诉记者，这家位于深圳的防水墙生产企业市场占有率占据国内领先地位。“包括水泥企业，甚至空调、电梯等制造商，对下半年楼市预期都比较乐观。”广东一位大型房企材料采购部负责人称。 ,0.5082788467407227
938,房产,家居,有人买房 便拉生意 装修公司守住楼盘揽客□记者寇润涛本报临沂5月5日热线消息“您刚买了房子，需要装修吗？我们公司的装修质优价廉。”5月5日，在罗庄区一楼盘售楼处，前来收楼的杨女士刚领到房屋钥匙，就碰到装修公司的人员拉生意。据了解，随着装修行业竞争日趋激烈，一些装修公司直接在售楼处旁揽客成为比较普遍的现象。5日上午，罗庄区市民杨女士拿到新买的房屋钥匙后，刚从售楼处里出来，一位自称某装修公司项目经理的人便将杨女士拦下，介绍公司的情况，想揽下杨女士家装修的活。对于装修人员热情的自我推荐，杨女士有些意外：“怎么装修公司都搬到售楼处门口了？”随后，记者走访了市区一些装修公司发现，装修人员到新建楼盘小区拉生意的情况并不在少数。兰山区沂蒙路一家装修公司的相关人员表示，目前临沂市大小装修公司越来越多，市场竞争也随之日趋激烈，以往“在公司等客户上门”的经营方式已经不适应现在市场，因此部分装修公司便让人守在楼盘小区售楼处附近，尽量多获得一些客户。 □记者寇润涛本报临沂5月5日热线消息“您刚买了房子，需要装修吗？我们公司的装修质优价廉。”5月5日，在罗庄区一楼盘售楼处，前来收楼的杨女士刚领到房屋钥匙，就碰到装修公司的人员拉生意。据了解，随着装修行业竞争日趋激烈，一些装修公司直接在售楼处旁揽客成为比较普遍的现象。5日上午，罗庄区市民杨女士拿到新买的房屋钥匙后，刚从售楼处里出来，一位自称某装修公司项目经理的人便将杨女士拦下，介绍公司的情况，想揽下杨女士家装修的活。对于装修人员热情的自我推荐，杨女士有些意外：“怎么装修公司都搬到售楼处门口了？”随后，记者走访了市区一些装修公司发现，装修人员到新建楼盘小区拉生意的情况并不在少数。兰山区沂蒙路一家装修公司的相关人员表示，目前临沂市大小装修公司越来越多，市场竞争也随之日趋激烈，以往“在公司等客户上门”的经营方式已经不适应现在市场，因此部分装修公司便让人守在楼盘小区售楼处附近，尽量多获得一些客户。 ,0.7229381203651428
939,房产,教育,中国人抄底美国楼市 为留学养老全部现金支付近日，美国两名参议员向国会提交一项议案，给花50万美元在美国买房的外国人发放临时居留签证，从而提振持续低迷的美国房地产市场。记者连线全美房地产经纪人协会，拿到了一份“2011年国际购房活动”调查报告。数据显示，今年中国买家大量涌入美国抄底房市，占全部海外买家人数的9%。跃居第二位，仅次于加拿大。数据中国买家占9% 总额73.8亿美元报告显示，截至2011年3月的一年中，外国买家在美国投资住宅比2010年的660亿美元激增了160亿美元，达到820亿美元。前五大购房者来源国分别为加拿大、中国、印度、墨西哥、英国，占据了总人数的53%。其中，来自中国的买家占海外购房比例由2007年的5%一路飙升到9%，购买金额达73.8亿美元，排在加拿大人之后，位居第二。占到全美购房总金额1.07万亿美元的0.69%。报告显示，美国人购房的平均价格是21.8万美元，外国买家支付的平均购房价格为31.5万美元。协会没有公开中国买家具体资料，但按此模糊计算，中国买家在一年中约购买了2.3万多栋房子。“考虑到今年以来美元持续疲软、人民币升值等因素，中国部分房地产商将目光从国内转向美国，趁美国房价处于历史低谷时期，涌入美国楼市抄底。”菲利普斯说。分布华人扎堆加州 七成住洛杉矶全美房地产经纪人协会主席菲利普斯指出，70%的中国买家喜欢住在美国西岸的加州洛杉矶，其次是纽约州的纽约和佛罗里达州的迈阿密。华人喜欢群居在某一特定的地点，比如各个地区的唐人街，方便交流分享彼此的经历。另外，中国买家的选择也跟气候和经济因素相关，气候宜人的度假胜地和经济发达的国际大都市都对中国人有着十足的吸引力。付款没绿卡受局限 全部现金支付报告还特别指出，62%的外国买家都没有通过银行贷款，而是直接现金交易。“特别是中国买家，对美国的贷款程序知之甚少，他们买房都是直接付现金全款交易。”菲利普斯说。纽约北京同乡会会长蒋健说，中国人因为没有绿卡，相当于在美国银行没有信用记录，就无法贷款，只能付现金。用途多数用来长住 用于留学养老菲利普斯说，海外买家购房的用途大约有四种：用于长期居住的占37%，用于和家人朋友度假的占28%，用于住宅出租的占16%，用于商业出租投资的占4%。另外，以上用途都有的占13%，还有2%的人不知道买房用来干什么。据菲利普斯分析，长期居住的买家分别为三类人群：与教育(微博)和留学(微博)相关人群、常驻美国工作的高层管理人士和到美国养老的富人。,0.5010725259780884
967,娱乐,时政,金庸将于月底正式加入中国作协本报讯 (记者吴波) 记者昨日从中国作协获悉，金庸或将在月底正式加入中国作协。据介绍，中国作家协会2009年度会员发展工作从2月份启动，经各文学门类专家咨询及征求团体会员推荐意见，中国作协书记处于6月17日进行审议，拟发展新会员409名，著名香港作家金庸也名列其中，本次进入公示名单的女性作家比例比往年有提高。记者了解到，审议完成后，409名有资格加入中作协的作家名单还将公示一个星期，时间为：2009年6月18日至2009年6月24日。中作协表示，如果公示名单中有涉嫌抄袭他人作品者，可公示期间举报。举报时需提供：侵权者姓名、侵权作品名称、侵权作品首次发表的报刊或出版社名称、被侵权者姓名、被侵权作品名称、被侵权作品首次发表报刊或出版社名称，以及侵权作品与被侵权作品的雷同内容等。记者了解到，本次进入公示名单的香港、澳门作家共7人，香港：张思鉴(张诗剑)、周密密(周蜜蜜，女)、查良镛(金庸)、蔡益怀。澳门：吴志良、李观鼎、廖子馨(女)。而广东作家列入发展公示名单的共17人，分别是：卢锡铭、刘美松、孙丽生、何霖(布依族)、吴淑平、张吉刚、张煌新、李容焕、陈玉春(女)、陈雪、周铁株、於文喜、林渊液(小隐娘，女)、郑集思、赵小敏(女)、黄萍(女)、滕叙兖(老藤)。,0.3953789472579956
1045,娱乐,家居,刘晨：吴厚斌出诗要保质保量刘晨：各位来宾大家下午好，今天非常高兴参加吴厚斌的新书发布仪式。吴厚斌原来是一个记者，为我们行业做出了很多贡献。刚才他说一句话我觉得特别对，潦倒的生活他被生活所迫，吴厚斌既有物质又有精神，他又有感性的一面，他走到今天我觉得是必然。第二我们确实感谢吴厚斌，他有一种传统文化的回归，通过现代的方式，以诗为载体，源于生活、高于生活，源于行业、高于行业。希望吴厚斌继续出诗，但是提一个小小的建议，我认为你的产量太大，希望你处理好质和量的关系。保质保量。,0.2202233374118805
1107,时政,教育,美劳工节华裔员工话辛酸：为减支出老板花样百出中新网9月7日电 据美国(微博)《星岛日报》报道，5日美国劳工节，正当各地工会组织会员为各自的权益举办声势浩大的游行示威，展示各自的力量之时，在底层挣扎的华人劳工正在为生活默默劳作。“郁闷在心里多年，也该吐一口气啦！”在旧金山华埠某中餐馆打工十多年的莲姐(化名)近年来参加了华人进步会工人中心，学到了不少有关保障劳工的法规。她说，中心正在推动反对盗骗工人工资的法案。她说，自己十多年来都一直到现在华人经营的中餐馆打工，得不到旧金山最低工资和医疗福利等保障。因为不是工会会员，也没有组织为她们争取权益。她说自己和许多姐妹们就像是沉默的羔羊，任由宰割。有的餐馆老板为了节省开销，午餐后，常常要员工无薪休息3-4小时，许多员工因路途遥远，无法返家，又无所事事，只好几个人挤到一辆车里打个盹，这种滋味实在不好受。有些老板为了逃避支付员工的医疗保险，有意多聘请临时工，减少工人每日的工作时间，让雇员的工作时间达不到法律规定购买医保的标准。面对不断攀升的医保，莲姐只好成为无医保一族。在渔人码头某旅馆做客房清洁工的阿红(化名)没有工会的支持，她也渴望像那些在街头举牌示威的工会会员一样在大庭广众下伸张自己的权益。但她不能。因为，她入职的时候，已被暗示不得参加工会，否则就不会得到雇用。“都说教识徒弟饿死师傅，说得一点都没错！”在帝利市某知名中餐馆做烧腊的朱师傅(化名)上周不得不向老板辞职。他在餐馆工作了四年，亲手教出了两、三个徒弟。老板嫌他与另外两个大厨每个月3千多元的工资高，就解雇了两名大厨，把工作分解到工资只有2千元的助手身上。他自己就要承担起另外两名大厨的责任，工资待遇却照旧。朱师傅说，压力太大，自己身体吃不消，只好自动辞职了。当助教的阿珍(化名)结束了试用期，被列治文区某幼儿园聘用了。但老板娘要她签下一份承诺协议，若离职，不得申请失业救济。她说，因为老板娘不愿意分摊支付失业救济的费用。还经常向员工训话，说若她不雇用，大家都会找不到工作。“刻意占用职员的私人时间是资方的惯用技俩。”在某中文学校负责校务工作的胡老师(化名)因为承受不了校方不断增加工作而放弃了来之不易的职位。她说，她每周上班时间为4小时，但老板一再增加她的工作量，学校里面完成不了的就要带回家继续，但就不算在工资里面。这样下来，平均时薪连5元都达不到。如何才算满足劳工阶层的需求量？莲姐的回答也许有一定的代表性。她说，与主流社会的劳工相比，同样一份工作，我们总是低人一等。常常在华人经营的餐馆更是雪上加霜。她说，我们的要求不高，只要能达到主流餐馆的最低待遇，她们已经很知足了。(记者：黄伟江),0.40489479899406433
1126,家居,房产,艺术品及古物市场未受经济衰退影响RICS 英国皇家特许测量师学会艺术品及古物调查报告 ? 2009年第三季 于昨天公布的英国皇家特许测量师学会(RICS)第三季艺术品及古物调查报告指出低息贷款令资金持续流入艺术品及古物市场引致价格上升。 过去三个月总值平均数由百分之七(7%)倍增至百分之十四(14%)，这表示有更多的测量师认为艺术品及古物价格现正上升。从调查的响应看到大约七成的价格会上升，其中高档市场最为强劲。近代艺术品市场则较为疲弱，报告价格下跌的测量师人数比之前增加。今年第二季度报告显示有百分之二十四(24%)的测量师报告近代艺术品市场价格下跌，该比率于今季度增加至百分之三十四(34%)。过去的几个季度近代艺术品市场价格普遍下降，比起去年年初所见到的升幅有强烈的对比。珠宝和银器这两个传统的稳健市场亦见升幅。超过百分之四十四(44%)的测量师指珠宝价格仍然上升，百分之三十七(37%)认为银器价格亦在上升。 属于高档市场的油画及水彩画市场虽然录得负百分之三(-3%)的?增长，但其走势仍然强劲。多出百分之九(9%)的测量师认为艺术品价格及价值超过五万英镑(£50，000)仍正在上升，多出百分之十四(14%)的测量师认为艺术品在五千(£5，000)至五万英镑(£50，000)的价格亦同样正在上升。RICS发言人Chris Ewbank 指:“艺术品及古物市场并未受经济衰退的影响，由于它成为投资者一个投资避难所的选择，加上低利率及过去五年间的价格下调，吸引了资金的流入。整体市场价格都有上升趋势，除了近代艺术品市场在过去的一年间承受了价格的逆转，原因是大部份艺术品市场的投资者现时倾向较保值和低风险的稳健传统市场。最明显可见的是国际拍卖行在过去一年间的营业额大幅下跌，反而小型的拍卖行却渐见活跃。”我要评论,0.42924046516418457
1132,房产,家居,开发商底楼装修挖坑拆墙 居民担心楼倒倒底楼房屋格局突变，加上前期上海“楼倒倒”阴影不散——成都苏坡乡培风小区15栋1单元的居民们，连日来一直睡不好觉。在这个单元的底楼，施工方不但打掉了两堵隔墙，还在客厅挖了个1米深的坑。业主们担心，过大的改动会给楼房带来安全隐患。对此，施工方称改造绝对符合安全。目前，培风社区已让施工方停止施工。现场目击隔墙被敲客厅挖出1米深坑两周前，培风小区15栋1单元的底楼住房内，从早到晚都会传出敲击声。2楼住户罗秀华当时以为来了新邻居，正在装修新家，并未在意。可前日买菜回家途中，她无意走进该住房，才发现格局完全变了样。罗秀华看到临街铺面相连的墙壁不见踪影，站在该住房内可以直接看到街道。客厅与卧室的隔墙也被人打掉。用于破坏墙体的钻头丢在另一间客房内，整个房间里堆满了破碎的砖石。不仅敲掉了隔墙，客厅地板上更是被人挖出一个宽20多平方米、深1米的大坑。猫着腰钻进连着钢筋的大坑，可以看到坑内堆满了泥石碎土，最里面还充满积水，不时散发出一阵恶臭。罗秀华推测，一楼住户可能准备开店铺，“改装这么大的动作，也不替邻居安全考虑一下。”居民担心动作太大住房恐成“楼倒倒”在培风小区住了近3年的黄淑华说，该小区修建于2004年初，并于2006年3月交房。之前她从来都没看到底楼有人居住过。今年初，有位老师利用空房，开过一个幼儿英语培训班，但没开两天就搬离了。在黄淑华的记忆中，两周前该住房开始有人进行装修，但装修时都是小工在场。发现动作太大，居民们拦着小工询问负责人是谁，对方一问三不知。居民都不知道此房装修后，准备用来干什么。由于害怕住房经不起折腾，变成“楼倒倒”。前日下午，黄淑华和一单元其他几户居民一起拦下了准备施工的工作人员，并将情况反映到社区。社区未获许可前不允许再次施工面对不安的居民，昨日上午，培风社区主任刘建说，商铺由开发商转交到社区以后，都会备注在案。在收取物管费的同时，对其进行规范管理。如果有装修，也必须经过社区许可。但正在改造的商铺所有权仍属开发商成都兴光华城市建设有限公司所有。“居民反映问题以后，我们立即让施工方停止施工。”刘建说：“虽然施工方一再保证，施工是安全的。但作为社区，我们的态度是没有见到相关部门许可、解释不合理等问题不处理，就不能施工。绝对给居民一个满意的答复。”开发商：框架结构施工不会影响安全“我们是房屋的建筑方，知道房屋的结构，这样改造没有问题的。”成都市兴光华城市建设有限公司副总经理谭小平解释，被改造的房屋是还没有售出的相连住房和商铺，而他们作为开发商，正是此次改造的施工方。谭小平说，按规划底楼的房屋原就是框架结构的店铺。打掉的隔墙是去年才加上去的，地板上打洞不是为了修建地窖，而是准备降低以前修建的防潮隔垫，让住房和商铺能在一个水平面上。因此，这样改造绝对符合安全。对于当地居民的担忧，谭小平说，公司已向成都市建筑设计研究院打了报告，等他们出具了情况说明以后，再进行下一步施工。,0.7453041076660156
1133,财经,房产,"金岩石：再谈楼价上涨不可避免有人问新希望(000876,股吧)的刘永好先生养猪业利润几何,回答是利润不高,责任重大。因为,中国的CPI一篮子商品中占比最高的是猪肉,猪肉的价格就不仅是由供求决定的,还要考虑猪肉价格与通货膨胀的关系。寥寥几句,话题就从食品安全的角度提升到国计民生的高度。猪肉价格影响CPI的走势,CPI的走势影响货币政策,货币政策的基调影响经济增长,经济增长的速度影响就业机会……。如果中国的CPI统计也学习美国,把商品房价格纳入消费品的统计（美国的CPI一篮子商品中占比最高达42%的是住宅消费）,中国现在就不是CPI由负转正的问题,而是两位数的恶性通货膨胀了,这就引出了猪价,楼价和通货膨胀之间的关系。货币政策要调控货币的供应量,今年以来,广义货币（M2）供应量的增长速度从年初的18%到9月超过29%,因此通货膨胀的预期不断增强,催生了股市楼市的非理性繁荣。然而,正是在股市楼市泡沫化的繁荣之中,超额货币被分流了,CPI标识的通货膨胀率才能够保持低位盘旋。由此推论,只要股市楼市持续火爆,通货膨胀就在可控之中,适度宽松的货币政策就可持续。简而言之,肉价要低,楼价要高,按下葫芦浮起瓢,两害相权取其轻。换句话说,股市楼市还将相互激励,上升态势至少在明年上半年难以发生逆转。虽然谁也说不清楚房价多高是泡沫,但是对泡沫破灭的恐惧是挥之不去的,尽管有这样的恐惧,人性的贪婪还是禁不住有投机的冲动。在海南,当年曾经发生过的楼市泡沫正在重演,每平方米8万多元的海滨豪宅已经出现了,这可是1992年未曾出现过的价格。海南三亚的高球场里几乎没有人住的别墅,价格已经远高于上海佘山高尔夫的别墅。若以此定义当前楼市中泡沫化的财富,这就是房产价格中内含的风险溢价。楼市投资的风险溢价会使超额货币分流到投资品市场,从而化解了消费品的通货膨胀,同时也加剧了财富的两极分化。从这个角度看待社会的贫富不均,在财富两极分化的背后还隐藏着不对称的风险分配。这是两个不平等的分配,财富的分配有利于高收入群体,风险的分配有利于低收入群体,若把风险和财富的不对称融为一体,现代市场经济就是在不平等中追求平等,在两极分化中化解纷争。在泡沫化的财富盛宴之中,通货膨胀和泡沫破灭的风险会体现为风险溢价的上涨,从而把风险从低收入群体转移到高收入群体。从这个意义上说,房产价格上涨速度越快,被挡在楼市之外的低收入群体就越多,这正是一种市场化的风险隔离,让没有风险承受能力和意愿的低收入群体远离泡沫破灭的风险。房地产天然不是投资品,投资人却天然喜欢房地产,无论是把房产当作股票来炒作,还是当作精品来收藏,或者当作奢侈品来炫耀,房产价格都会脱离房产本源的消费属性,体现为租金的回报率大幅度下降。高房价中内含的风险溢价就随时可能消失,这就是所谓的泡沫破灭。从风险分配的角度看,我们还应该鼓励低收入群体买房吗？为什么不能在政策上补贴租房消费和租房产业呢？完全可以通过房租的证券化募集资金迅速发展租房产业（包括廉租公屋）,让低收入群体在长租之中等待泡沫破灭后的低价房,而不是购买所谓的经济适用房。要知道,房产泡沫的生成和破灭是不依人的意志为转移的,中国的城市经济目前正处在一个超级泡沫的生成阶段！我要评论",0.45753926038742065
1156,时政,家居,国家副主席习近平考察陇星散热器公司6月9日下午，中共中央政治局常委、国家副主席习近平和同行的中共中央政治局委员、中央书记处书记、中央组织部部长李源潮，在中共甘肃省委书记陆浩、甘肃省省长徐守盛、兰州市委书记陆武成等省市领导的陪同下，来到位于兰州高新技术产业开发区的兰州陇星散热器有限公司考察。陇星散热器有限公司董事长吴爱华、总裁吴继祖陪同考察，并向习近平副主席及有关领导汇报了公司产品研发及企业经营情况。习近平副主席首先参观了陇星散热器有限公司新落成的“中国散热器采暖集成系统展示中心”，随后来到生产车间考察。习近平副主席在听取吴继祖总裁的介绍时，频频点头，对陇星集团坚持科学发展观，积极应对金融危机，走自主创新之路，研发环保节能产品所取得的成绩给予了充分肯定。习近平副主席饶有兴致地观看了陇星各种散热器产品，了解到陇星产品节能环保、物美价廉时，副主席说：“好，就是要研发、生产既环保节能，同时老百姓买得起的产品。”一路上，习近平副主席说的最多的一句话就是：“好，很好，希望你们好好干！”亲切的话语，充满了国家领导人对陇星干部的关怀和对广大员工的鼓舞。下午三点零五分，习近平副主席结束了对陇星公司的考察，在全体员工热烈的掌声和依依不舍的目光中离开了陇星。习近平副主席亲临陇星考察，这是陇星公司及散热器行业莫大的荣耀，陇星人将以“提供优质采暖产品，提升民众生活品质”为宗旨，秉承“诚信、进取、品牌、责任”的企业精神，为实现“提高民族品牌竞争力、实现产业报国”的目标而努力奋斗！矢志成为中国散热器行业国际品牌！6月11日，中央电视台《新闻联播》、《晚间新闻》，甘肃电视台《甘肃新闻》等重要媒体进行了新闻报道。中国建筑装饰协会、散热器行业协会领导、业界专家等有关人士也纷纷向陇星公司表示热烈祝贺。 ,0.361600786447525
1163,房产,时政,银监会重申二套房贷执行四成以上首付比例本报北京7月23日电 (记者欧阳洁) 银监会新闻发言人廖岷今天表示，银监会始终严格执行二套房贷的有关政策不动摇，坚决打击“假按揭、假首付、假房价”等行为。对二套房贷款业务中的各种违规问题，一经发现，将及时予以严肃处理。对购买首套普通自住房和人均住房面积低于当地水平，再申请贷款购买第二套用于改善居住条件的普通自住房的居民优惠政策不变，但绝不可延伸适用。对二套房贷款，银监会始终要求商业银行坚持执行40%及以上的首付比例，这一政策从未进行调整。,0.7921130657196045
1220,时政,教育,变聚居为混居 荷兰华人以平和心态融入(组图)不久前，记者随中国侨联访欧团赴荷兰了解当地华社情况，与荷兰华侨华人谈起“融入”的话题。记者发现，大多数荷兰华人并不认为“融入”是一个问题，他们会很自豪地告诉你：“在欧洲，荷兰的华人是融入得最好的。”记者在采访中也发现，荷兰华人之所以能顺利融入当地社会，是因为老一辈华人铺垫了平坦道路。“百年舞百狮”的意义在荷兰期间，恰遇当地华侨华人隆重举办“华人移民荷兰百年庆”舞狮活动。那是7月9日中午，荷兰京都阿姆斯特丹的水坝广场，出现了令人惊叹的壮观场景：由百头五彩斑斓的中国狮子组成的大型舞狮队同时起舞。如今在中国都少见的大型舞狮活动，却在异域他乡见到，着实让人震撼。本次舞狮活动的主办方是荷兰百年华人志庆基金会。基金会主席杨华根告诉记者：“用舞狮纪念登陆百年，这个设计，本身表示了我们华人对融入的态度。”舞狮需要力量、灵活、耐力以及团队的合作精神。1911年，华人登陆荷兰，把舞狮这项中国传统活动介绍到此。华人在荷兰的最早舞狮表演，是在1945年水坝广场举行的荷兰光复日活动。而此次舞狮活动的500名志愿者中，不仅有华人，还有为数众多的荷兰人。杨华根说：“他们来自荷兰各地，经过了半年左右的训练，今天欢聚在此，展现了华人与荷兰各族裔百年来的友谊。”从北京前来荷兰参加庆典的中国侨联副秘书长林佑辉说：“此次百狮巡游，是华人在荷兰立足并创造新生活的必要坚持，也是对老一辈华人的致敬，感谢他们为后辈铺垫了平坦的道路。”据林佑辉介绍，历经百年，荷兰的华人族群已发展到12万人，成为荷兰社会第四大少数民族。华人，已成为中产阶层以上的一个富足族群，他们遍布荷兰的大小城镇村落，他们的第四代已经长大成人。他们中有餐饮业主、企业家，还有更多年轻有为的律师、工程师、时装设计师、艺术家等。变“聚居”为“混居”“融入，除了华人的努力，还需要当地环境的许可。”在荷兰访问期间，荷兰中国总商会副会长袁诚信先生和旅荷华侨总会副会长胡克勤先生一直陪着记者，走遍了阿姆斯特丹和海牙的大街小巷。长期以来，荷兰在世界上以宽容和文化多样性著称，其宽松的移民政策吸引了来自世界各地的众多移民。在荷兰，两种现象引起了记者的注意。一是，这里的“唐人街”并没有明显的标志，如果没有华人的介绍和指引，在阿姆斯特丹，你是找不到“唐人街”的。二是，只要打开GPS导航，到处都能发现中餐馆，仅在阿姆斯特丹就有400多家。我问华人导游袁国勋先生，阿姆斯特丹有没有“唐人街”。袁先生说：“有，但不明显，因为当地政府不鼓励华人聚居在一起，而是鼓励和各族裔融合、混居。”在海牙，要找到唐人街则不难。在唐人街的两头，都有唐人街牌楼，高悬在牌楼正中的匾额上，“海牙唐人街”五个书法汉字遒劲有力。据胡克勤先生介绍，矗立在海牙唐人街的这座牌楼是由海牙市政府出资兴建的，预算达40万欧元，去年1月落成，这在欧洲尚属首例。“海牙唐人街”，体现了荷兰政府对华人街区的肯定，以及对华人为当地文化、社会和经济发展做出努力与贡献的认可，成为当地华人融入主流社会的重要标志。“融入，要有平和的心态”一位在荷兰深度旅游过的旅行者，这样谈论自己的感受：“荷兰城市是那种敞开心胸，以包容和接纳的姿态来对待游人的，它让你觉得，即使是旅游个一两天，自己也是这个城市的一分子。”要理解“融入”在普通华人身上的体现，可以去荷兰的zierikzee小镇看看。小镇人口不多，生活悠闲安逸，目前有四户华人家庭。华人袁冠鹏在小镇开了一家咖啡餐馆。中午时分，餐馆里坐满了当地人。荷兰的夏天是一年中难得可以充分享受阳光的季节，所有客人都坐在餐馆外，边晒太阳边用餐，袁冠鹏和太太及儿子则忙前忙后。客人少的时候，袁先生就和当地人边聊天边下棋，打发一天的疲劳。袁冠鹏已是四代居住于荷兰，他的弟弟也在镇上开中餐馆。他的家族史，可说是华人移民荷兰百年的一个缩影。和袁先生聊起“融入”的话题，他说，由于中国人具有吃苦耐劳的传统美德，荷官方及民众对华侨华人有较好的印象。年轻一代的华侨华人大都受过高等教育，就业途径也较为广泛。他最后说：“其实，华侨华人融入当地很简单。以一种平和的心态和当地人友善相处，尊重他们，做好自己的事，你就得到了尊重。”(记者：聂传清),0.343807190656662
1281,家居,游戏,3G团队梦工厂 开启大学生创业新模式袁亦荣，岑彬，钱旭，三个来自北方工业大学的学生，在2010年1月18日上午9点30分，获得了一份来自3G团队梦工厂的“3G毛坯车间项目策划书”，开始了他们的3G行业创业的征程。“关于3G毛坯车间的盈利模式，是十分简单明了的。”袁亦荣说，“类似世纪家园那样的交友网站，寻找好的工作也会是大家的一个需求，将3G的机会引入校园，帮助大家熟悉这个行业，并借助3G团队梦工厂的资源，为大家提供一种贴身的服务。我们认为是可以被广大的同学所接受的。”学习计算机专业的钱旭，同时又是学校职业发展协会的秘书长，对于这个计划有着自己独到的理解：“鉴于andriod的市场优势，我希望建设一个andriod实验室，还希望通过石景山数字产业园区和3G团队梦工厂的渠道获得学校的支持，以及3G行业的企业对学生的关注，搭建一个优秀的植入性平台，让学生有机会从零做起。”学习财务专业的岑彬有着和其专业相匹配的缜密思维，说话不多，但颇具条理：“在学校内的商业元素其实有很多了，我的同学们也经常作为客户或兼职员工参与其中，所以说我们并非没有任何经验，只是不系统，其实我们需要一个规范的空间让我们获得持续性的经验积累，3G毛坯车间就是提供了这样一个环境，可以让学生在3G行业持续获得经验，我想一年以后，参与其中的同学一定会具备3G行业的从业能力。”团队梦工厂CEO李天语说：“我们的服务宗旨是让我们的客户迅速抓住3G的机会，通过我们孵化器的资源和学生自身的资源优势相结合，共同开发出盈利模式清晰的产品。我想大家已经注意到了一些细节，首先他们愿意为3G和资源付费，其次这些大学生已经开始用商业化的思想思考问题了，他们已经开始注意盈利模式，开始关心谁是自己的客户，能够分析自己的优势和劣势。其实我们只是针对性的做了几个小时的培训。事实证明，大学生本身的素质是没有任何问题的，也不缺少对事物的判断能力。所缺的是一套行之有效的服务模式。把客户放到真实的环境中，让有经验的人士为客户打工，提供客户成长所必需的资源，和客户分享项目成果，客户将为这个过程付费。这样的创业模式让所有参与者都能各取所需，又都有责任，且目标一致。大家是在向同一个方向努力，成功的概率就要高出许多。”看得出来，团队梦工厂确实在利用一个类似孵化器的模式在和所谓的客户合作，这也许就是他们把自己称作人才孵化器的原因，他们给出了一个大学生创业或者就业的新模式，就是“资源植入模式”，让客户直接购买工作和工作经验，然后再帮客户雇佣一个CEO带领他们创业或者教给他们职业法则，使其具备盈利能力，最终顺利的过渡到自己的职业生涯中。如李天语所说，人生如一个游戏，团队梦工厂充当了一个“策划”的角色，工厂策划了一段人生的传奇之旅，等待玩家自己来开启。,0.23382128775119781
1312,房产,教育,李莹 角逐宝马成功胜出李莹出生年月：1969年职位：北京盈之宝汽车销售服务有限公司董事长毕业院校：北京大学留学国家：德国经历：1992年毕业于北京大学东语系日本文学专业。走出校门即自己创业。1995年，德国歌德学院留学一年。2003年，当选为北京青年联合会委员，同年底又成为全国青年联合会委员。2004年获得德国宝马和华晨宝马在中国北京地区的销售代理权；并计划于2005年建成营业面积达15000平米的望京展示厅，使之成为宝马在亚洲地区规模最大的4S专营服务店之一。了解李莹的人，都感叹老天爷对她的垂青，一个女人想拥有的，李莹几乎全有了：她曾是北京大学有名的才女“校花”；她23岁开始做汽车贸易，3年内就赚了1000万元；她被评为“北京十大杰出青年”、“中国经济女性杰出贡献人物”，曾被一些媒体评为“亚洲最时尚魅力女人”。早在大学期间，她就成立了一家贸易代理公司，开始了自己的创业之旅。凭借得天独厚的中德贸易环境，1993年，李莹为扬子冰箱厂引进西门子冰箱的生产技术和2亿美元外资，成立了博西扬合资公司，盘活了数10亿元的国有资产。又帮助红塔集团引进德国先进的卷烟纸生产技术，几年后建立起一家卷烟纸合资企业。这些项目的成功使李莹的生意有了突破性进展。其后，李莹以敏锐的眼光发现了进口二手车买卖的商机。当时国家规定，1994年4月前进口二手豪华轿车免税，利润丰厚。于是，李莹从德国进口了二手奔驰和宝马，这项生意一时很红火，因为别人还没意识到，竞争对手少，往往车还没到港口就卖完了。聪明的李莹从这一业务中悟到，若想在国内长期做汽车行业，就得拥有自己的品牌。经过一番努力，她申请到了奥迪和保时捷的代理权。品牌在市场竞争中逐渐显现了优势和威力，名牌车受到顾客青睐，销售旺盛，生意兴隆。跳跃式的发展使李莹经商的领域很快涉及医疗设备、卷烟、酿酒、汽车贸易等多个行业，在短短的3年间，她凭借自己的睿智与行动已积累了千万财富，远远超越了自己最初设定的目标，创造了一个财富神话。角逐宝马成功胜出2003年下半年，宝马公司决定在中国市场拓展服务网络，挑选代理商。李莹做出了大胆的决策：参与竞争。这在常人看来似乎很难理解，因为这需要承担风险和牺牲。公司当时经营的范围涉及信息产业、汽车业、商业、房地产业的投资管理与投资咨询，年盈利上千万元。李莹是公司的执行董事及法人代表。为了争取宝马的代理权，李莹放弃了原有公司，把它卖给家族中其他人去经营。每月租金达几十万元的4000平方米汽车展厅也空置了半年，以候审查和回复。当时有2000多个经销商参与竞争。没有足够的储备资金和银行存款证明，没有地段好的够水平的展厅，没有对宝马品牌的深刻理解和胜人一筹的营销策略，在竞争中是难以取胜的。凭借自己的智慧，李莹的努力得到了宝马公司的认可。在其后的考察中，雄厚的资金实力和寸土寸金的店址也得到对方的赞赏。这使最终如愿以偿的6家经销商中，李莹的“盈之宝”脱颖而出，第一个获得授权，并于2004年4月17日在京开业。俞渝出生年月：1965年职位：当当网联合总裁毕业院校：北京外国语大学；纽约大学留学国家：美国经历：俞渝86年从北京外国语大学毕业后，在外企任总经理翻译兼秘书，工作一年后赴美留学，92年取得纽约大学MBA学位。96年回国创业，与丈夫李国庆共同创办当当网上书店并任联合总裁。如今，“当当”收到的网上订单中既有来自国内各省、市、自治区包括台湾和香港，以及偏远欠发达地区的订单，也有来自美国、巴西、匈牙利等海外华人的订单，网站在海内外都产生了比较广泛的影响。俞渝说她最大的心愿就是今后要把“当当”做得更大，更好，给出版商和读者提供最满意的服务。2006年，胡润推出女富豪榜，俞渝以8亿资产排名第29位。当时有记者致电俞渝，她却表示，并不清楚自己上了胡润榜这回事。“上什么榜对我来说没有任何意义，我没时间关注这个。”俞渝快言评价了胡润榜。除了胡润富豪榜，俞渝还曾被《华尔街日报》评为过亚洲最有影响力女性，同时上榜的还有章子怡。,0.35381755232810974
1316,家居,时政,质检总局：质量监管每个环节都有灰色地带产品标准一半多是10年前制定“现在工业化产品的标准有54000种，其中有27000多种是10年前制定的，显然这些标准是落后的，即使是这些落后的标准，现在仍然没有执行下去。”工业和信息化部部长李毅中昨日在一个论坛上如此表示。这个由国家质检总局主办的“质量和安全年”质量诚信论坛上，质检总局传递出“以母爱的名誉承诺质量安全”的理念，但是，想达到像母爱一样呵护生命的质量安全，似乎并不是想象的那么简单。链条长，中间空白地带多“目前企业质量第一责任人还没有得到很好的落实，质量失信事件还屡有发生，质量诚信乃至社会信用体系的法律法规还需要健全。”国家质检总局局长王勇表示。这些问题的存在仅仅是质量安全的冰山一角，在众多产品质量的监管和制度层面也存在着难以跨越的沟壑。在记者追问王勇局长如何实现这个质量安全的承诺时，他指定了质检总局质量管理司副司长惠博阳接受了CBN记者的专访。针对标准的落后问题，惠博阳表示，目前中国的标准从量上讲已经很多，但是从质量上讲，与国际标准还存在着差距。对于食品质量安全监管来讲，中国肉类协会副秘书长高观表示，食品产业链条长，责任追究难，污染因素多，全项检测难，信息很敏感，公开披露难，监管主体多，工作协同难。“在不断完善监管体系的同时，要做到监管到位，不能越位，不能缺位。”惠博阳对CBN记者表示，而这三个要求，无论对于质量监管的任何一个环节，都存在着灰色地带。特别是针对食品的质量监管，这个跨越农业部、工商总局、商业部、质检总局、卫生部、药监局等几大环节，每个环节即使都按照这个标准来执行，中间地带往往存在空白。“三聚氰胺事件在某种程度上来说，是企业对于自己的原材料没有把好关，而这个原材料其实就是一个中间品。”惠博阳表示。而恰好就是这个中间品，导致了三鹿集团倒闭的命运，用李毅中的话讲：“如果一个企业没有质量的保障，再大的集团也会像三鹿一样，倒闭的命运不可避免。”企业是第一责任人制度上存在的问题，直接给基层执法人员带来的就是困惑和执法的难度。“由于质检负责的产品种类众多，在抽检时存在的就是技术问题，一个质检人员不可能所有的产品都通晓，而且也不可能把所有的企业都跑遍，毕竟人数有限。”一个基层质检人员对CBN记者表示。“质检人员不是企业的检验科，所以企业作为质量的第一责任人，要对自己的产品质量把好关。”惠博阳表示。但是偌大的一个中国，消费层次的不同，决定了市场的需求也是多样化的，而这样的土壤，也给了企业、小作坊生存的空间。“小作坊、便宜的产品会在中国长期存在，目前还没有很好的管理办法。”惠博阳表示，但是目前已经让小作坊作出承诺书，以及要求产品区域化销售等作一些限制。马晓华,0.38901787996292114
1397,时政,教育,英94岁老妇坐轮椅嫁84岁老头 谱浪漫黄昏恋中新网9月6日电 据“中央社”6日报道，英国(微博)一名已经94岁的老妇人近日决定从医院病床上起身，跟她84岁的爱人喜结连理。两人的黄昏恋感动了许多人，大家纷纷送上祝福，因为他们是真正的“白头偕老”。据报道，94岁的英国妇人薇•斯坦纳德( Vi Stannard)9月1日下午跌倒受伤，她已经84岁的恋人沃克(Derek Walker)说，“我们1日到费来福(Flatford)的河边时，她失足跌倒。”他说：“我必须将她送到医院。但我们还是举行了婚礼，这太棒了。”斯坦纳德则表示，就算在医院躺了几天，她还是决心在 9月3日走下病床，与恋人走上红毯，步入婚姻殿堂。这名勇敢的新娘坐在轮椅上，准时抵达结婚教堂。在满心喜悦的儿子戴维(David)陪同下，她坐着轮椅走了红毯，高兴地接受亲朋好友的祝福，其后，她必须回到伊普斯威治(Ipswich)医院，做进一步的治疗。报道指，这对新人的年龄加起来有178岁，别人在他们这个年纪都在庆祝结婚50年或60周年，他们却才新婚。新郎沃克还说：“薇在这整件事上表现得非常勇敢，医院顾问说，只要不要出外太久就没问题。”不过，斯坦纳德这次跌倒，使得他们不得不将梦想中的蜜月旅行延期。他们希望斯坦纳德的身体能快点好转，在月底能出发度蜜月。据悉，15年前，斯坦纳德搬到宁静乡村哈克史提德(Harkstead)，为了跟她的儿孙住得近一点。在那里，她结识了退役的英国皇家海军外科医生指挥官——沃克，两人随后陷入爱河。当了一辈子单身汉的沃克，12年前在康沃尔(Cornwall)渡假时，向斯坦纳德求婚。但两人直到现在才结婚，因为斯坦纳德是一名虔诚的基督徒，尽管和第一任丈夫分居40多年，但不想跟他离婚。她当时的丈夫在去年10月过世，享年97岁。,0.5509217381477356
1526,教育,家居,"公益教育进入社区惠及千家万户(图)10月31日, 为了配合国家提倡安全、和谐的社会主题，由宁波市质量技术监督局、宁波市特检院、宁波雅戈尔物业服务有限公司与中国绿色电梯第一品牌-西子奥的斯电梯有限公司共同举办的“安全和谐进社区-安全乘梯公益教育活动”在宁波雅戈尔东湖花园小区拉开帷幕。该活动以寓教于乐的形式向社区儿童普及了安全乘梯常识，让更多的业主、更多的儿童了解和认识到安全乘梯的重要性。在安全教育活动现场，宁波市质量技术监督局副局长林如峰表示：“电梯作为特种设备，涉及到千家万户的安全和幸福，所以电梯的安全性和稳定性一直是质量技术监督部门的关注重点。我们希望在“质量和安全年”里营造出全社会共同关心质量安全工作的良好氛围。西子奥的斯电梯深入社区宣传安全乘梯，把安全理念带进千家万户，是一项非常有意义的举措。”宁波雅戈尔东湖花园是目前宁波市规模最大、设施最全的高尚住宅小区，总户数约3500户。小区有近百部电梯，每天电梯运行几万次。为了确保电梯的安全运行，宁波雅戈尔物业服务有限公司与西子奥的斯电梯公司协商在东湖花园小区里设立了电梯维保站，由西子奥的斯公司委派专业的电梯技术人员24小时值班，确保电梯安全。作为此次安全教育活动的协办单位，该物业公司相关人员表示，希望能提醒广大业主文明乘梯、安全乘梯，提高安全保护意识， 珍惜幸福生活。此次安全乘梯教育活动通过图解、卡通情景问答、安全知识竞赛等形式将乘梯文明、乘梯安全和遇险自救等知识生动地传递给了社区儿童，受到了家长和物业的热烈欢迎。随着高层住宅楼在现代居民小区的普及，电梯乘坐安全问题变得日益突出，由于中国居民目前电梯乘坐安全意识还相对较淡薄，正确使用电梯相关知识一直被人们漠视。各种因为电梯使用不当造成的伤害事故屡屡见诸报端。在安全和谐进社区的活动现场，西子奥的斯公司服务部部长沈健康告诉记者，作为奥的斯在中国最大的控股子公司，西子奥的斯不仅始终把安全放在第一位，向客户提供高质量的产品和卓越的服务，还同时致力于向公众宣传安全乘梯的理念，尽一个优秀企业的社会责任。“致力于‘做业主的好邻居’，秉承对业主、对公众负责的态度，我们将会把安全教育活动长期普及下去。”沈健康说到。安全教育活动现场，西子奥的斯还向小区业主分发了安全文明乘梯的宣传手册，手册以动漫的形式，将更多的安全文明使用电梯的知识带进社区，带给业主，受到了业主的积极响应和良好评价。据了解，西子奥的斯安全和谐进社区活动今年将覆盖全国多个一线城市，包括北京、杭州、上海、深圳、成都、武汉等。 ",0.2920548617839813
1552,财经,教育,华盛顿州政府国债项目北京认购会北京认购会主题：华盛顿州政府国债项目认购会时间：2011年7月23日(星期六)下午14：30地点：北京市国贸中国大饭店宴会A厅 预约电话：400-0909-899项目优势：首个美国州政府发行国债形式的EB-5项目美国华盛顿州区域中心国债项目是由州政府发行免税的一般义务债券形式融资的EB-5项目，华盛顿州政府发行的一般责任债券获得非常高的信誉评级， 享誉盛名的三大国际信用评级机构评级分别是：穆迪将其评级为AA1级，标准普尔将其级为AA+级，惠誉国际评级公司亦将其评级为AA+ 级。世贸通重磅推出美国投资移民华盛顿州国债项目，买美国州政府国债，全家移民美国！该项目获华盛顿州政府立法支持，资金安全，2年解除绿卡条件后，即可按个人意愿， 委托经纪人在美国公开市场出售国债收回投资。项目首场三地认购会于7月9日结束，到场投资人对该首个由州政府发行债券来融资的EB-5项目热情度极高，世贸通7月下旬特邀华盛顿州区域中心主席Mike Mattox、亚洲市场及商业发展总监Andrew Lin、销售总监Connor Chen，举办该项目的第二场京、深、青岛三地认购会，全球尊享99名，欢迎预约出席：400-0909-899！详情请继续关注世贸通官网！,0.6125878691673279
1560,教育,时政,我国开设高等教育自学考试义务教育专业新华网北京7月12日电（记者 吴晶）记者12日在此间获悉，我国将通过开设“高等教育自学考试义务教育专业”，建立面向农村教师的在职培训服务，使农村教师通过“网络＋自考”的方式，获得学历提升的渠道。负责具体实施这项工作的教育部考试中心有关负责人介绍，“高等教育自学考试义务教育专业”是专门针对农村中小学教师的实际情况和需要设置的，它充分发挥了高等教育自学考试开放灵活，注重质量的特点，同时依托“全国中小学教师继续教育网”和县级教师培训机构开展网络助学，建立面向农村教师的学习与考试服务支持体系。教师可通过“注册学习制”，采取有组织的分散自学与集中学习相结合的方式。同时，“高等教育自学考试义务教育专业”课程与在职中小学教师非学历培训课程实行学分互认，实现了学历教育、岗位培训、资格证书考试三者的相互沟通。根据教育部的要求和部署，河北、山西、黑龙江、江苏、浙江、江西、福建、河南、广东、广西、重庆、四川、贵州、陕西、甘肃等15个省（自治区、直辖市）将开展“高等教育自学考试义务教育专业”课程与在职中小学教师非学历培训课程学分互认试点工作。这位负责人表示，试点工作开展前已进行一年多的充分论证和准备，各级教育部门以方便农村教师学习，保障学习质量为第一原则，已在课程体系、课程内容、助学方式、考试服务等一系列环节上进行了改革创新。相信这项专业课程的设置将为优化农村义务教育阶段教师队伍结构，提高农村教师队伍质量和水平，提高农村教育质量，推进教育公平公正和义务教育均衡发展发挥重要作用。,0.44463011622428894
1623,时政,家居,各城市领导分别谈对林业产业维权看法 &nbsp;主持人：广东省知识产权局对林业产业国际维权十分重视，并给予了大力支持，下面有请广东省知识产权局副局长郑良生先生发言。郑良生：各位领导大家上午好，我代表广东省知识产权局对本次研讨会成功召开表示热烈的祝贺。刚才听了贾局长的重要讲话以及各位专家的发言，特别是听了燕加隆公司所取得的国际维权情况的汇报，很有感触。对于燕加隆公司在国际维权这件事，广东省知识产权局一直非常关注，也真心的希望他们可以打赢这场国际商战，前不久燕加隆告诉我，赢了，燕加隆赢了官司，在这里我对燕加隆的成功和胜利表示热烈的祝贺。下面我想就燕加隆公司在国际维权当中所取得的成绩讲几点看法：一，燕加隆胜诉的关键就是燕加隆一拍即合技术具有知识产权。用广东人讲这是正货，不是假货，正因为是具有知识产权的技术，所以才可以在国际上站住脚；第二，燕加隆胜诉的成本就是他们重视创新，重视知识产权，把知识产权视为企业的生命，创新是知识产权的手段，而知识产权是保持创新的法律保障；三，燕加隆给予我们的经验是非常可贵的，在他们取得成功的同时，也给予我们一些重要的启示，第一，知识产权是企业走出去的战略法宝，是企业开拓国际市场的一把利剑；第二，在企业建立知识产权制度是现代企业制度发展的必然；三，企业要发展，必须重视技术的研发和创新，从而创造出自己的知识产权，形成自己的核心技术，占领产业发展的制高点；四，要有一只懂得国际知识产权的队伍，第五，进行国际知识产权的研发，有计划的进行战略布局，这一点我认为我们要学习发达国家企业的经验，例如摩托摩拉公司，他们的手机在中国上市前已经在中国申请了很多的专利；第六，遇到国际贸易摩擦时要积极应诉，敢于应诉，勇于维护自己的利益，积极不是蛮干，要像燕加隆公司一样，有胆有识，有理有据，研究制定应对的策略。以上几点看法是我认为的看法，仅供参考，谢谢大家！主持人：湖北省十分重视科技创新，省林业局率先组建了中国首家低碳经济产业园，引入了像燕加隆一样具有核心知识产权的企业，参加会议的除了林业厅还有一些有关的县、镇领导也参加了，体现了对知识产权的支持，下面由湖北省林业局代表陈先生发言。陈先生：各位领导、各位来宾大家好，今天发言的应该是我们王局长，但是今天下午他要参加一个调研，他临走的时候委托我代替他发言，所以我今天代表王海涛局长，代表湖北的地板企业向燕加隆在加拿大、美国337当中的胜诉表示热烈的祝贺，这不仅长了燕加隆的志气，更长了中国民族企业的志气，这是燕加隆公司掌握产业核心技术，前不久我省在湖北成立了低碳经济产业园，燕加隆公司作为这个园区的龙头企业，牵头企业，投资数亿元发展低碳经济，在这个方面，为发展低碳经济改革方面真正的起到了龙头带动作用，燕加隆一拍即合的专利技术不仅在于他是产业核心技术，也在于他的环保核心技术，不仅如此，燕加隆公司还在湖北发展产业工业，营造工业园40多万亩，有利的支持了低碳经济的发展。燕加隆企业的胜诉，为我们的所有的民营企业带了一个好头，树立了一个榜样。最后希望燕加隆公司进一步注重产品的质量，加大国际市场的力度，进一步研发新产品，推出新技术，获得新专利。把企业做大做强，在国际竞争中仍然立于不败之地，谢谢大家！主持人：林业产业知识创新，国际维权的问题一直得到国家林业局的重视，现在有请国家林业局科技发展中心常务副主任林先生发言。林先生：非常感谢主办方能够在这里为我们行业举办这次研讨会，代表国家林业局科技发展中心科技司对本次会议的主办表示衷心的感谢，同时也感谢大会为我提供一个发言的机会。在这次会议上非常荣幸，也非常高兴的听到燕加隆再次在国际素取得了胜利，燕加隆公司是我们中国，尤其是中国林业企业在国际上参加国际贸易诉讼取得成功的比较少的范例之一，在林业行业当中取得了巨大的振动，我们科技口，科技界对这个问题十分的关注，受到了巨大的鼓舞，在此请允许我代表林业科技战线的全体员工，对燕加隆再次取得国际当中的胜诉表示热烈的祝贺。在世界经济日益全球化的大背景下，在知识经济飞速发展的今天，知识产权是一个核心竞争力的体现，为了应对全球技术贸易摩擦，为了提升我国经济、社会的发展水平和竞争实力。国务院在去年颁布了《国家知识产权战略纲要》，标志着知识产权战略已经成为国家层面进行实施，预示着我们国家的竞争和全球化的竞争上了一个新的台阶。在这里我简单介绍一下林业知识产权管理的有关情况。首先，介绍一个概念，就是林业知识产权包括哪些内容，为了进一步贯彻国家知识产权发展纲要，同时组织六个专题组在进行广泛的调研，争取在短期内制定，颁布出林业知识产权战略纲要。林业知识产权战略纲要主要包括这么几个部分，一个是专利，据我们了解和在数据库的统计有效记录，林业的专利数量是六万多件，其中近一半都是有效的管理，都是目前有效的管理，在全国专利应用总数的2%，整体来说还是不多的。第二项就是体现行业特色的新品种，中国是一个资源大国，也是生物资源非常丰富的国家，经过人工的治理开发，国家出台了一些新的政策，要经过授权、申请，测试、审查确认的，这部分的林业新品种目前已经颁布了四批，供78个，130多件，即将颁布，如果可以颁布的话，在今年年底，明年年初总数量大概在133个水准，达到500件左右。第三个就是体验行业特色的，比如说大家熟知的一些，我们和农业部共同管理的生物、植物、动物这些拥有地理标识的产品，林业这边主要是从林木，果树。再有就是体现林业知识产权管理范围，就是生物遗传资源，我们国家的生物遗传资源十分的丰富，这部分森林林产资源占全球的30%多，我们国家现在是生物遗传的进出口交易大国，通过人的治理、开发、应用；最近12月1日，国家林业局正式批准，将林业行业知识产权工作归到科技中心的职能部门下，为此还专门设立了一个执法管理处，主要负责林业新品种，专利，生物遗传方面监督管理形成执法，目前正在拟定的力量，在行业省区也要相应的建立执法部门。这次参加这个会议也是一个学习的机会，非常感谢主办方产业协会、林产工业协会，燕加隆公司给我们提供这个机会，在这里我们有两个处长在这里，将来作为行业的知识产权管理工作，既要对上面连接国家知识产权局、工商局之外，对内要做好协调，对林业企业做好服务性的工作。最后我简单介绍一下近期将开展的三项工作，主要是在以往工作的基础上，进一步加大力量，从贯彻国家知识产权战略纲要的角度，认真组织行业内的知识产权的工作，重点强化林业知识产权保护，促进林业自主创新和产业发展，抓住实施国家知识产权纲要的时机，抓住林业生物遗传资源等主要产品的保护和应用，提高林业知识产权的质量和核心竞争力。尽快的出台并落实国家林业局贯彻实施国家知识产权战略纲要的指导意见，加强行业指导和协调推进，采取相应的支持和激励措施鼓励自主创新，提升林业产业的整体实力；第二，联系建立林业保护的机制，重点开发出口林产品和知识产权的平台，为林业企业有效的支持产权壁垒提供信息和技术，这个工作主要依托协会的力量，学校的力量，科研的力量做。第三，是要推动建立各种形式的知识产权，开发和保护，开展林业科研单位，企业、单位试点，在此告诉大家一个消息，我们以将燕加隆公司，林科院木材工业研究所叶所长他们，还有大亚集团三家列为林业知识产权的试点单位上报到国家知识产权局，近期就应该批准下来了。我们想借这个机会提升我们的形象，林业知识产权这块的工作量，虽然刚刚起步，当然我们想开好头，高效一点，所以慎重的选择了三家，一旦成功，将获得国家的一些支持。重点是要提高自主知识产权和抵制国际贸易壁垒，推动林产业的发展，最后感谢主办方，认识大家非常高兴，我们行业知识产权管理部门将全力做好服务性的工作，密切配合协会、学会、企业集团、科研单位，以及林业全行业的管理部门，做好我们林业知识产权的保护和管理工作，谢谢大家！主持人：国家知识产权管理部门一直重视这项工作，现在我们欢迎中国专利保护协会副会长兼秘书长肖鲁青女士发言。肖鲁青：各位领导、各位专家大家好，再有两天2009年就过去了，2009年是不平凡的一年，温家宝总理接受新华社记者采访时说过去的这一年是惊心动魄的一年，金融危机当中企业是首当其冲遭受了很大的冲击，中央采取了措施，使中国的经济出现了企稳，一些企业突破了金融危机的影响和国际的打压，出现了良好的发展局面。今天在这里研讨中国林业企业国际维权问题，从一个侧面真实的反映了这个情形，深圳燕加隆公司多年来在市场上维护自己的知识产权，并取得胜利，成为我国企业海外维权成功的范例，因此，举办这么一个会议是具有非常重要的和深远的影响意义。首先反映了我国的企业在国际竞争中不断的发展壮大，我们国家拥有一批自主知识产权的企业，通过自己的努力，实现了一定的目标，也体现了中央领导说的创新可以赢得实力，创新可以赢得发展，创新可以赢得尊严的深刻的道理，在经济全球化的时代，世界的竞争最根本的还是知识产权的竞争，在这一点上，燕加隆就是一个榜样，他们发明的一拍即合地板锁扣技术是一个新兴的专利，它解决了地板的核心空白点，实现了核心的创新，满足了市场的需要，打破了国外市场的垄断，实现了知识产权的价值。其次我们通过燕加隆国际维权的艰难历程也看到，我们企业都面临着这样的挑战，中国的企业要想走向国际市场，必须要做好知识产权的大文章，随着我们国家的企业越来越多的进入国际市场，中国的企业在海外遇到的知识产权诉讼越来越频繁，美国的337调查已经不是什么新鲜事了，核心也是知识产权权利是否得到了侵犯，目前我们国家的企业95%的涉外专利诉讼都发生在美国，发达国家企业运用知识产权壁垒进行大量的侵权诉讼目的很清楚，就是排斥和削弱国外的竞争对手。发达国家的贸易保护主义日益加剧，维护他们的市场垄断和知识产权的优势，为了避免我们企业在知识产权战争中的高额代价，企业建立知识产权的经营策略，管理技术制订海外知识产权的管理应对，都是有效的措施，燕加隆可以通过核心技术，通过知识产权打破国外产业的垄断，走向国际市场也为我们广大的企业提供了一个典型的案例。燕加隆企业维权胜利也告诉广大企业，面对国外企业的侵权诉讼，我们不要迷信国外的先进技术，不能只采取回避的态度，应该敢于积极应诉，学会一定的规则，聘请有经验的律师应诉。近年来我们的企业也相继在国际侵权诉讼中打赢了官司，给我们中国的企业增加了信心和决心，同时也积累了国际诉讼方面的经验，希望更多的中国企业能够以燕加隆公司为榜样，努力的研发自主核心专利技术，不断的增强企业的竞争力，使更多的中国产品走向国际市场，国务院在去年六月五日颁布《国家知识产权战略》我们也相信各级政府也将为企业提供更好的法制环境和市场环境，促进越来越多的企业把知识产权战略融入到企业自身发展的战略当中，提高企业的知识产权，创造、应用、保护、管理能力，推动创新性国家的建设，谢谢大家！主持人：我们刚才以燕加隆国际维权经历为案例，在国际贸易、知识产权等多角度进行了研讨，各位专家、来宾都提出了非常多的建设性的意见和建议，有关国际林业产业维权问题，本次研讨会是一个开始，希望各界，各方面进一步重视和关心林业企业国际维权问题。本次会议就到这里。   ,0.564180850982666
1658,财经,房产,银监会：综合授信类个人贷款业务将收紧本报讯记者刘薇报道：银监会周三发布了《个人贷款管理暂行办法(征求意见稿)》，对个人贷款实行支付管理。如果正式出台，这将是我国首部个人贷款管理法规。银行人士表示，总体来看，《暂行办法》对个人贷款业务没有太多新的限定，但细化到银行具体业务，则有一些贷款品种可能会加强审核，收紧门槛，诸如此前非常火爆的综合授信类个人贷款业务。《暂行办法》主要内容是，规定银行不得发放无指定用途的贷款，明确实行贷款人受托支付或借款人自主支付的方式对贷款资金进行管理和控制。重申银行在发放个人贷款时须坚持面谈、面签制度，确保贷款的真实性，以防范虚假按揭等风险。由于办法不针对个人贷款业务品种申请设置额外条件，因此个人获得贷款的门槛并没有被抬高。记者昨日采访多位银行信贷部门人士，他们表示，其实目前大部分个人贷款业务如房贷、车贷等都是实行受托支付，即贷款人根据借款人的提款申请和支付委托，将贷款资金直接支付给符合合同约定用途的借款人交易对象。这样做的好处，一方面能够有效监控贷款按约定用途使用，防范贷款挪用风险；另一方面也可防止“顶冒名”等违规损害借款人利益的行为，切实保护借款人合法权益。如今受《暂行办法》影响较大的，则是市面上一度火爆的个人综合授信类贷款。这类贷款通常表现为“房产一次抵押，贷款额度多次循环使用”，如很受市民欢迎的“循环贷”、“随借随还”等，有的银行在开办这类业务时放得较为宽松，只要首次审核通过，以后的贷款申请甚至可以通过网上银行等自助方式办理，无需再经过相对复杂的审核手续，这就意味着在初次审核通过后，借款人就不用再到银行面谈、面签，便可能获得贷款。“这其中的确存在着无法监控贷款真实去向的可能。”某国有大行支行行长称。而一家股份制银行信贷部门人士则坦言，在《管理办法》出台后，该行相对宽松的审核制度很可能需要作出调整，比如采取措施加强对贷款用途的审查，自助方式也许会取消。 我要评论,0.48447269201278687
1660,时政,房产,城建系统两年万余人涉案新华社讯 最高人民检察院昨天通报了查办城镇建设领域商业贿赂犯罪案件情况。据悉，2007年至2008年两年间，全国检察机关共立案查办城镇建设领域商业贿赂犯罪案件9374件、10043人，其中，涉及国家公务员和处级以上干部要案较多，大案所占比例高，涉案金额大，窝案串案突出。受贿案占立案数的77.3%2007年以来，为认真贯彻落实中央决策部署， 深入推进治理商业贿赂专项工作，最高人民检察院针对工程建设、土地出让、房地产开发等领域官商勾结、权钱交易突出等问题， 组织全国检察机关开展集中查办城镇建设领域商业贿赂犯罪案件工作，成效明显。2007年、2008年两年间， 共立案查办的9374件10043人， 分别占查办商业贿赂犯罪立案总数的45.3%和44.5%。其中，受贿7250件，占查办城镇建设领域商业贿赂犯罪案件立案数的77.3%；行贿1879件，占20%。此外，还有单位受贿61件，对单位行贿22件，单位行贿92件，介绍贿赂70件。案件主要发生在城建领域案件主要发生在城镇基础设施建设、房地产开发、单位所属工程建设、土地出让等领域。据统计，发生在这几个领域的案件7990件，占城镇建设领域商业贿赂犯罪案件总数的85.24%。其中，城镇基础设施建设2999件，单位所属工程建设2881件，土地出让1110件，房地产开发1000件。公务员和处以上干部涉案多据悉，国家公务员和处级以上干部涉案较多，两年共立案查办国家公务员3567人， 占立案总人数的35.5%。其中，党政领导663人，土地管理部门501人， 建设部门705人。查办处级以上要案1266人，占12.6%。涉案金额大大案所占比例高从查办案件情况看， 大案所占比例高，涉案金额大。城镇建设领域商业贿赂犯罪案件涉案总金额18.75亿余元，平均个案涉案金额达20万余元。共查办5万元以上大案6976件，占总数的74.4%；其中，50万元以上案件784件，占41.9%。案件涉及城建各个环节在办案中， 检察机关往往是查处一案、带出一窝、牵出一串，许多案件涉及工程立项、规划、审批、招投标、发包分包、采购、资金拨付、交纳税费和施工管理等多个环节。如广州市检察机关在查办“ 北江大堤加固达标工程”涉嫌职务犯罪案件时， 在该工程中深挖出窝案串案10件10人，其中处级要案2人，且均为大案。隋笑飞我要评论,0.6122307181358337
1696,游戏,家居,挑“T”总动员 获奖作品展示第三周周人气奖(1名)获奖作品名称：满口香扣肉 (编号 69672)作品说明：[原料/调料]五花肉、葱、姜、蜂蜜少许、大料(八角)。[制作流程]1、五花肉煮到8分熟，筷子扎透没有血水冒出就可以了，取出五花肉控干水，然后在肉皮上抹上一层蜂蜜；2、锅里倒入少许油，把抹蜂蜜的肉皮放到锅里煎；3、煎至黑红色即可，注意煎的时候要保护好自己，因为油崩的很厉害，最好拿锅盖挡一下；4、把煎好的五花肉切成薄厚均匀的肉片，肉皮朝下摆放到大碗里；5、葱两段改成丝，姜三片，大料两个；6、把葱、姜、大料、糖、盐、酱油、鸡精放到大碗里，上锅蒸，冷水入锅，水开后计时，一小时后就可以了，香香的扣肉就做好了。第三周周创意奖(1名)获奖作品名称：小煎鸡 (编号 69648) 作品说明：[原料/调料]鸡脯肉150克，冬笋100克，泡辣椒、芹黄25克[制作流程]1.鸡肉切条，用盐、水淀粉上浆。2.水淀粉、料酒、盐、胡椒粉和醋在碗中兑成味汁，电磁炉大火用花生油将鸡条炒散，放入葱姜、蒜片和泡辣椒，炒出香味后放入冬笋条、芹菜，下入兑好的碗汁，翻吵几下即成。,0.8116324543952942
1763,房产,财经,12亿元抄底地产股 中邮系圈地路线图曝光每经记者 李娜 发自上海上市公司2008年年报将中邮系基金扎根于地产股的根根须须一一曝光，多只地产股的前十大流通股股东中出现了中邮系基金的身影。沉寂了一年的中邮系基金再一次以一种“偏激”的方式强势回归。伴随着地产股2008年年报的接连披露，中邮系基金越来越频繁地曝光于镁光灯前，多家地产股的前十大流通股股东均有中邮系基金的身影，若以2008年12月31日收盘价简单计算，中邮系基金抄底这些地产股的资金高达12.05亿元。毫无疑问，中邮系基金始于去年下半年的重仓地产股的决策相当成功，在吸引坊间艳羡的目光的同时，也将自家腰包快速增厚。数据显示，自年初至本周三，中邮核心优选领跑所有股票型基金，涨幅高达35%，远远超过股票型基金净值18%的平均涨幅。地产股年报频现中邮系房地产，用国民经济的引擎之一来形容一点儿也不为过。自去年房地产市场的成交量持续萎缩后，对地产行业的关切之情便频频出现在基金经理的季度工作报告中，出现在基金经理的访谈中。与其他徘徊犹豫的基金公司相比，中邮系基金则表现异常坚决，选择提前进场等待。自去年三季度率先加仓地产股后，在接下来的四季度，中邮系对地产股的加仓力度丝毫不减，据已发布的房地产上市公司年报显示，多家地产股的前十大流通股股东均有中邮系基金的身影。据Wind统计数据显示，截至昨日，目前已披露的20多家房地产上市公司中，中邮系出现在了5家地产上市公司的前十大流通股股东中。泛海建设2008年年报显示，中邮系两只基金都重仓其中，双双挤入其前十大流通股股东。数据显示，中邮核心优选目前持有泛海建设2523.89万股，较去年三季度大举增持了1863.16万股，增幅超过了50%以上；中邮核心成长也重仓持有1997.38万股，相比去年三季度增持1129.6万股。中邮系基金的持股量占流通股的比例超过了10%，分别为泛海建设的第二大股东和第三大股东。华发股份年报显示，中邮核心成长同样选择了大举增持。去年四季度，中邮核心成长持有2811.75万股，较去年三季度增持1169.91万股。凭借大幅的吃进，中邮核心成长也成为华发股份的第二大股东和第一大流通股东。另一家地产类上市公司中华企业，中邮核心优选小幅减持46.29万股。不过，其持股数量仍然高达2500万股，仍为公司第二大流通股东。而在今日发布年报的上实发展中，中邮系两只基金又成为公司的前十大流通股股东。除了增持原有的地产股，陆家嘴2008年年报显示，中邮核心优选在去年四季度新进610.82万股，并一举成为该公司的第八大流通股东。地产股反弹 中邮系笑得甜自去年年底以来，国内一些城市的房屋成交量明显出现了回暖迹象。国信证券的报告显示，在过去一周对环渤海、长三角、华南及中西部共十九个重点城市的商品房屋销售情况监测结果表明，各地楼市销量仍然比较畅旺，回暖态势还在进一步延续。地产股销量的回暖，无意推升了地产股的暴涨热情。数据显示，2009年以来，上证指数的涨幅为24.44%，沪深300指数的涨幅为31%，而地产指数同期涨幅已接近44%。华侨城今年以来的涨幅已超过了55%，股价已回到了13元附近。金地集团、招商地产等地产股的涨幅都超过了50%，远远超过同期上证指数和沪深300指数涨幅。地产股的突出表现让埋伏已久的中邮系基金尝到了不小的甜头。数据显示，自年初至本周三，股票型基金净值的平均涨幅为18%，而中邮核心优选的涨幅高达35%，依然在股票型基金中领跑。而中邮核心成长的涨幅超过了27%，位列所有股票型基金的第十二位。相关报道中邮核心优选开放三日给老客户“补仓”机会？日前，中邮基金公司表示，2007年9月13日起，公司暂停了旗下中邮核心优选的日常申购业务。现为满足广大基金持有人的需求，公司决定自2009年3月25日起至2009年3月27日期间，针对既有客户 (即2009年3月23日前，持有过公司旗下基金产品且未注销本公司基金账户的投资者)，恢复该基金产品的日常申购业务。从2009年3月28日起，该基金将继续暂停日常申购业务，在日常申购业务暂停期间，该基金的赎回业务照常办理。市场分析人士指出，很显然，中邮核心优选选择在目前2200点左右打开申购，可以理解为给老基金持有人补仓减少亏损的机会，传递出的信号应该是较为乐观的。不管未来后市会如何演变，至少在中邮基金心里，目前的股指还不是高点。 每经记者 李娜    相关报道：    重仓地产股 中邮系基金赚欢了    泛海建设中邮系基金联袂出击    抄黄木顺的底 中邮系基金介入泛海建设    哈空调中邮系基金大举入驻    基金弃中国远洋登岸 中邮系浮亏18.6亿    中邮系两基金折戟吉恩镍业增发    中邮系两基金上周跌幅最深    基金排名大洗牌 中邮系基金上演过山车,0.6881611347198486
1770,时尚,科技,潮人随身必备 MP3最新关注排行TOP10    作者：毛晓曼    国庆长假期间不少人都选择了到各处旅游，而MP3也成了许多人的必备工具，以缓解路途中的无趣时光。作为旅游时随身携带的数码播放器，长续航是首要的，其次体积小巧也是关键点。于是那些纯音乐MP3成了最好的选择，近期几款售价低廉的纯音乐产品关注度颇高，其中更有低至99元的廉价产品。    其次，新款iPod nano配备了摄像头，而价格并未提升，引起了大家的兴趣，长假期间这款产品也有较高的关注度，最为礼品而言这类产品更为适合。这里让我们了看看近期产品关注排行的最新情况。第十名 昂达VX313    容量：2GB 报价：99元    编辑点评：昂达VX313机身仅35×35毫米，黑色版将率先上市，后续将有更多颜色提供聆听最纯正的原味音乐。支持MP3、WMA、WAV音乐文件，可实现顺序循环、随机循环播放模式切换。另外VX313支持高速USB2.0传输，续航时间10小时。 ,0.32126468420028687
1791,家居,房产,欧洲公馆绿化设施绿化设施：在园林规划中，欧洲公馆为维护宗地原生机理，贯彻尊崇自然的宗旨，增设了双园绿化配置。内花园保留了两棵百年古槐和众多原生树木，造就了丰富的绿植景观；外公园通过兴建大面积绿化、溪水、健身设备，为社区业主打造一个宜人、养生、休闲的场所。我要评论绿化设施：在园林规划中，欧洲公馆为维护宗地原生机理，贯彻尊崇自然的宗旨，增设了双园绿化配置。内花园保留了两棵百年古槐和众多原生树木，造就了丰富的绿植景观；外公园通过兴建大面积绿化、溪水、健身设备，为社区业主打造一个宜人、养生、休闲的场所。我要评论,0.6909568309783936
1814,科技,教育,购新机纪念乔布斯 iPhone 4S纽约热销华裔成主力据美国《世界日报》报道，“苹果教父”乔布斯的去世，使iPhone 4S手机的上市成为全球关心的话题。14日上午8时苹果店开始正式销售该款手机，纽约曼哈顿5大道的苹果旗舰店内外都排起长龙，每人限购两台iPhone 4S手机。许多苹果迷认为这款iPhone 4S是乔布斯最后作品，又在其去世前一天发表，名字也隐含纪念乔布斯(for Steve)的意义，一定要买。而这次华裔再次成为购买主力，男女老少都表示“价格不贵，要买台用用”。根据苹果公司表示，新推出的iPhone 4S智能手机在接受网络预订后的24小时内全球销量超过100万部，超出了前一代产品iPhone 4首日销量60万部的纪录。为购买iPhone 4S手机，纽约的旗舰店前很多苹果迷们从13日就开始排队，无惧细雨凉风。日本和澳大利亚等地因时差先开始销售iPhone 4S手机，所以凌晨就有购得新手机的苹果迷把手机照片传至各大网站，让人一睹为快。在纽约的旗舰店，如果不需要购买iPhone 4S手机，可以直接入内。14日从上午到下午，旗舰店门口始终都有数百人的长龙队伍，一圈绕一圈，秩序井然。据了解，大约每人要排两至三个小时才能入内。即使入内后，也需要按指示排队到收银台前购买手机，最少需要三至四小时才能买到这款手机。在旗舰店附近，还有专门收购旧款iPhone手机的网站销售人士。在旗舰店内，各个展示柜台都人头攒动，尤其是iPhone展示柜台，很多民众都想亲身见识一下这款传说是“为了纪念乔布斯”而推出的手机。但不少人都表示，这款和iPhone 4比起来，好像没什么不同。华裔在此次购买潮中再次展现积极力量，一眼望去占了大半，队伍中年轻的、年老的都有，有想为读书的儿子买手机的母亲；有想给女朋友买手机当生日礼物的男生；有每代iPhone手机都用过、此次也不可少的苹果迷；也有从来没有用过“大家都用过的苹果手机”的阿姨。大家都耐心在外等待，遵守秩序。“来这里一看，都是老乡啊”，一位推着婴儿车的福建籍王小姐表示，她想买两台，一台给自己，一台给老公用。不远处，吴女士和朋友在排队，“别人都用了四代苹果了，我一代没用过，”一边说她一边拿出自己的翻盖式手机“199美元便宜啊，我也要买一台”。还有人表示自己买了不一定自己用，可以卖给别人，“这个好卖，是潮流啊”。(记者：刘爽),0.4230654239654541
1823,家居,科技,时尚超级可爱水晶装饰 hello kitty曝光    作者：曹锐    近日采用了300颗施华洛世奇水晶装饰的hello kitty特别版于网上曝光，售价高达13800日元（100欧元），约合人民币825元。     9月中旬iriver发布了一款以hello kitty为原型的MP3播放器。这个可爱的kitty拥有45.2×35.5×17mm的机身体积，重16g，内置2GB闪存，支持MP3、WMA两种音频文件，预计售价40欧元，约合人民币330元。,0.7840493321418762
1826,时尚,游戏,时尚女性新“读本”《都市女性世界》俗话说的好：“女人能顶半边天”。现在越来越多的女人们逐步成为各个行业的中坚力量，五彩斑斓的女性世界也为这个城市增添了靓丽的风景和活力。近日，由北京捷通华声自主研发的手机应用生活软件《都市女性世界》已成功登录中国 移动百宝箱平台，涵盖了美容、美体、服饰、情感、星座等方面的热门资讯，将成为都市女性中娱乐休闲的指向标。 进入《都市女性世界》主界面，软件界面设计动感时尚，各功能选项灵动传神，女性味十足的时尚潮流气息扑面而来，包括了美容、美体、服饰、八卦星座等等内容等的信息类资讯，让你目不暇接。翻看每帧内容，都是资深编辑们精心更新的内容，让你每天都能感受到时尚前端带来的清新之风。“怎样的面膜最好用”“条纹衫怎么搭配出完美体形”“五种食物让你轻松吃出小脸”。。。从此一切问题都不再是问题，潮流动向尽在你的掌握中！ 在八卦、星座选项里，娱乐圈发生的大事小情等休闲类资讯通通都可以在这里及时看到，其中星座运势是都市年轻人最热衷的兴趣点。《都市女性世界》将为您提供十二星座的每日星运，狮子座今日的运势咋样？看一看就让你做到心中有数！对星座感兴趣的友友们一定不要错过哦！ 最后，小编在这里还要讲讲《都市女性世界》中的情感栏目，男人女人在不同年龄阶段，多多少少都会被情感所困扰，这个永不过时的话题对人们来说真是相当重要的哦~在“情感”栏目中，不仅有感人的情感故事与你一起分享，还有很多社交小窍门，无论是故事还是交友秘籍也许都会为深处感情漩涡的你指点迷津呢！ 《都市女性世界》联合知名时尚网站，为都市女性提供全面的生活资讯，内容实时更新，随时打开手机就能接收图文并茂的信息，它会让你变得更加自信而富有朝气！现在就来加入队伍，你也成为时尚先知者！资费：5元/次下载路径：移动梦网——软件——生活——都市女性世界适配机型：MOTO E2、MOTO E6、MOTO E62、MOTO E680、MOTO E398、MOTO L6、MOTO L7、MOTO V8、MOTO V600、MOTO K1诺基亚 N5500、诺基亚 N73、诺基亚 N7370、诺基亚 N6101、诺基亚 N6230i、诺基亚 QD、诺基亚 N7610、诺基亚 N7260索爱 K300、索爱 K506、索爱 K700、索爱 K790C、索爱 S700、索爱 W958c三星D508、三星D608、三星E258NEC NK,0.5062628388404846
1871,时政,教育,高端海归落选中科院院士 称早料到结果(图)昨天，2011年中国科学院院士增选初步候选人名单对外公布。同日，一篇“从今以后不候选中国科学院院士”的博客文章，再度引发公众对院士话题的热议。博客作者是北京大学生命科学学院院长饶毅，在中科院院士增选有效候选人名单中出现过，但在中国科学院昨天公布的初步候选人名单中落选。昨晚，饶毅在接受北京晨报记者采访时表示，“早就预计到了这个结果”，“任何学生物的人都会知道原因”。截至记者发稿，中国科学院相关部门尚未就此事做出回应。事件主角饶毅：放弃美国(微博)国籍回国北京大学终身讲席教授、生命科学学院院长，兼北京生命科学研究所资深研究员、学术副所长。回国前曾任美国西北大学Elsa Swanson讲席教授、神经科学研究所副所长。研究神经发育的分子机理和社会行为的生物学基础。担任多个国际学术杂志编委。在斯坦福、哈佛、麻省理工学院、东京大学等国际著名大学做学术报告。1996年起，兼中国科学院研究员，1999年协助推动建立中国科学院神经科学研究所，2002年协助建立中国科学院上海交叉学科研究中心。2004年起兼北京生命科学研究所学术副所长。2007年9月全职回国。回国即出任北京大学生命科学院院长的饶毅，被认为是新时期归国潮中的代表性人物之一。舆论将他的回国与上世纪50年代钱学森、郭永怀的回国相提并论，因为他们都是在海外成名后，壮年归国效力的科学家。然而，对于这位神经生物学家，公众更熟悉的不是他研究的领域，而是他大胆、犀利的言论。2004年，在饶毅回国之前，他就在英国《自然》杂志上撰文，对中国政府的中长期科技规划表示关心，并直言不讳地提出了自己的批评和建议。不再参选：5个月前就写好博文饶毅在博客中写道：“鉴于推崇中国科学院前身中央研究院生命科学方面代表性科学家林可胜等，敬佩中国科学院第一批学部委员如神经生理学家冯德培等，尊重50年代以来在国内艰苦环境中坚持做好科学研究的院士，感谢其学部委员(特别是冯德培、邹岗等)在80年代对我的支持和现有院士近年在我回国工作后多方面的支持，我于2011年初接受推荐候选中国科学院院士。”饶毅说，“在表达了尊重和感谢后，从2011年8月17日后将不再成为候选人。”在落款时间上，饶毅写的是，“2011年3月5日写，2011年8月17日添加日期”。关于落选：“结果早就预计到了”昨天下午，记者拨通饶毅在北京大学的办公室电话。对于为何发出这样的博客，饶毅表示不愿多说，“我该传达的意思都已经传达得很清楚了，我想说的都在我的几篇博客中，为什么答应参选，为什么今后不再成为候选人，这些博客内容是一脉相承的。不想再另外说明。”至于为何早在3月已经写好博文，而在昨天才对外发出，饶毅解释说：“我总要等到别人公布结果后才发吧，其实我早就预计到了这样的结果，在3月就已经想好了。”至于为何落选，他给出耐人寻味的回答，“任何学生物的人都会知道原因。”记者翻看了饶毅在之前发过的一些博文。就在昨天博文发表的两天前，他的一篇《减少中国科学界浮躁的一个必要步骤》的博客文章似乎透露了蛛丝马迹。“对于行内来说，都清楚中国生命科学这二十年的基本情况：国外做过博士、博士后，回国立即做正教授，再做一两篇Nature、Science、Cell，或者几篇同领域最好杂志的论文，就可以做院士。”“中国科学界浮躁是自然的，不浮躁倒奇怪：因为职称高，没有‘后顾之忧’，不怕评审，就热衷通过搞关系奔经费、而不是靠学术。中国生命科学界，90%以上的教授在90%以上时间不听学术报告。有些人(国内所谓做得好的人)不听国际重要科学家的报告，而为了当选院士的投票只听国内院士的报告，给现在的学生树立不良榜样。”各方观点方舟子(微博)：第一轮就被刷纯属侮辱作为北京大学生命科学学院院长的饶毅，引发公众关注并不是第一次。2007年，45岁的饶毅从美国西北大学归国。他和现任清华大学生命科学学院院长的施一公回国在当时都引起不小的反响。在回国前，饶毅就曾对中国教育科技问题提出过直言不讳的批评。去年年底，两人还在美国《科学》杂志刊出社论，认为中国现行的科研基金分配，更多的是靠关系而非学术水平高低，“浪费资源、腐蚀精神、阻碍创新”。而在昨天公布的初步候选人名单中，施一公名列其中。截至记者发稿时，通过施一公秘书转发的短信尚未得到回复。记者看到，一些网友对饶毅落选深表惋惜。有网友称，饶毅落选是中国院士的悲哀，他放弃了美国国籍，为人坦荡，学术贡献大过很多中科院院士。方舟子对此也评论说：“我觉得饶毅居然第一轮就被刷下来，纯属侮辱人。连肖传国当年都进入了院士选举第二轮。”何祚庥：评选不像考试那样简单昨天，曾经和饶毅就中国科技体制改革问题有过深谈的中国科学院院士何祚庥，在看到博文后给饶毅打了电话。在接受北京晨报记者采访时，何祚庥表示，谁该当选院士，谁不该当选院士，大家见仁见智，虽然评选院士有一定标准，是基本公道的，但大家会有不同看法，并不像考试高低分数那样简单。具体看谁对科学贡献大，这个评判的标准本身就很复杂，每个人的尺度不一样。何祚庥认为，当选的人大体是会有一些长处，最起码不会让那些“乌七八糟”的人当选，但没当选的人也不一定不好。“我在电话里对他说，胜败乃兵家常事，没有必要太在乎谁该当选或者不当选，公道自在人心，也不能一次就盖棺定论。”同时，何祚庥指出，2011年中国科学院院士增选的初步候选人名单并不是最终院士名单，在饶毅所属的“生命科学和医学学部”中，包括施一公在内的初步入选30人也不会全部最终选为院士。“饶毅和施一公的研究在生物学领域属于新东西，新事物当然会有很多人反对，就比如爱因斯坦提出新理论的时候，就有很多年龄大的研究者反对，他的理论是在多年以后才被承认的。”熊丙奇(微博)：抛弃学术良知、操守越干脆混得越好北大教授饶毅候选院士首轮出局，中科院发言人称，“具体原因不是很清楚”，但一个不容置疑的事实是，饶教授的遭遇，会给很多年轻学者以“教育”——学术地位如饶教授，也是这样的结果，要让自己有好的发展，就得一心依附体制，不然，等待自己的就是“逆淘汰”的命运。“逆淘汰”机制在我国教育界和学术界已经形成，而且威力越来越大，某个学者放弃基本的是非原则越彻底，抛弃学术良知、操守越干脆，把教育和学术当作牟利的工具越到位，他在现有的学术体系中，就可能混得越好，很快成为学术红人，掌控学术资源；而反之，如果某个学者坚持做最高质量的学术研究，他就很快被边缘、被淘汰。,0.46888306736946106
1879,游戏,家居,圣象安装服务技能大比武纪实四月二十一日，来自圣象全国服务系统的精英、圣象集团的各位领导、圣象研发丹阳生产基地的同仁以及新闻界的朋友们，汇聚在圣象丹阳工厂，举行2009年服务安装技能大赛总决赛，参加决赛的12名圣象服务系统的代表是本次圣象服务技能万人大比武近万名参赛者中经过笔试、省级初赛、大区复赛层层选拔出来的服务技能表现优异的佼佼者。本次比赛观战加油的有圣象集团总裁-翁少斌、集团常务副总裁-郭辉、圣象集团营销总监本次大赛总指挥周英学、集团产品总监-刘洋，还有光临现场的来自圣象各销售公司总经理。圣象集团常务副总裁郭辉致辞并宣布本次大赛的决赛鸣锣开幕第一个比赛项目：地板单片更换。通常在家居生活地板使用过程中常常出现的一些问题，比如地板因受什么意外而发生了损伤或者是你一不小心把地板给砸坏了，那可能就需要做单片更换的修理，这是一个十分平常而又重要的修理工作，这个工作如何做的更快、更好还是需要一定学问的，圣象安装系统总结了一套成熟的地板单片更换的方法。第二个比赛项目：异形场地的地板安装比赛，这个场地虽然不大，但是把所有安装地板能遇到的艰难困苦应该说都包含进来了，这个场地有踢脚线、扣条、收边、楼梯、圆弧、穿越管线、斜面等等算了算一共18个安装点，处处都意味着对安装技能的考验。第三个项目比赛选手介绍自己的绿色安装方案和展示特色安装工具。同时进行地板花样拼接。绿色安装的意义是：(1)、低噪音，不扰民(2)、无尘、低尘，有利于健康(3)、低损耗，废料及时清理统一处置。这项服务增值意义对于二次装修、单独地板更换、缓解装修时的邻里关系和谐社区的建设有着重要意义。地板花样拼接的要求：(1)、需要有垂直拼接的部分(2)、要有三种以上的款式参与评判原则：(1)、安装质量，特别是拼接时的缝隙(2)、评价该种拼接方式的实际用料情况(3)、设计师进行装饰评价第四比赛项目：测量地坪测量地坪是地板安装质量的基础，国家标准要求，每2米长度上不平的最大值不能超过3mm，如果在不平的地面上进行了安装那么就会造成很多问题，例如：产品异响，锁扣之间摩擦受力加大加快产品损坏、产生缝隙，防潮性能下降等情况，安装人员要在最快的时间内把地面上高的低的部位标识出来，找出地面的问题。大赛最后决出了：第一名幸年文北京公司；第二名吴帅南京公司、第三名吴殿军沈阳公司和高用强长春公司好马配好鞍，好地板还要好的配件系统、好的安装服务的支持，才是一个完整的地板系统，这就是所谓的三分产品，七分安装。圣象一直以来致力于提高员工的服务能力和素质，加强地板专业知识、规范施工流程及细节，增强安装服务意识，真正为客户服好务。争当服务标兵，树立服务规范，比赛服务技能是本次大赛自始至终的目标，它不仅仅是三句口号，更是所有圣象服务系统对未来服务的庄严承诺和不断进取的方向。 ,0.3446466624736786
1912,财经,房产,曾荫权担心资产价格升幅过急导致另一次危机十一月十三日，亚太经济合作组织(APEC)工商领袖峰会(CEO Summit)在新加坡新达城国际会展中心揭幕。香港特区行政长官曾荫权当日上午参与大会的对话发言。 中新社发 郑祚声 摄中新网11月14日电据香港大公报报道，正在新加坡出席亚太经合组织会议的行政长官曾荫权表示，美国的低利率政策已导致美元利差交易出现，令资金流向其它地方，助长投机活动。他担心一旦资产价格升幅过急，将可能导致另一次资产泡沫危机，因此各地政府应加强监察及合作。曾荫权说，香港经历九七年金融风暴后，已优化银行、金融和借贷制度，有信心香港能够在金融海啸后加快经济复苏。曾荫权昨日在APEC工商领导人峰会一场有关“规管金融及全球增长”座谈会上表示，上世纪八十年代末，日本为应付经济衰退，实施零利率政策，令资金因而流向亚洲其它地区。当时亚洲国家和地区未有留意热钱流动及资产价格上升至危险水平，结果引发亚洲金融风暴。曾荫权指出，目前美国低利率政策与当年日本情况相若，因为美元利差交易已导致资金流向其它地方。他说，“钱流到哪里，问题就在哪里”，目前在亚洲多个地区，包括韩国、中国台湾、新加坡和中国香港等，资产价格再度上涨，甚至资产价格的水平已与基本面不相称。他担心资产价格升幅过急，将有机会导致另一次资产泡沫危机，希望政府及企业界保持警戒，而各地政府应加强监察和合作。去年九月底美国爆发金融海啸，并快速蔓延至全球各个经济体系，不少国家或地区迄今复苏速度十分缓慢。曾荫权说，香港与亚洲各经济体一样，在九七年金融风暴一役累积了经验，并且优化了银行、金融和借贷制度，包括限制股票市场无货沽空、增加市场透明度、在促进市场发展及保障投资者之间取得平衡等，因此金融海啸爆发以来，香港的复苏速度较不少地区快，银行体系亦没有受到重大冲击，显示香港的规管具有一定成效。曾荫权表示，香港将会参考各经济体处理金融危机的经验，继续对抗金融海啸，有信心能够加快经济复苏步伐。不过，他说，香港必须留意可能出现资产泡沫，而金融危机的其中一个启示，就是不能过分依赖单一行业，所以施政报告提出发展六项优势产业。 我要评论,0.4199129641056061
1936,房产,教育,大陆新移民赴美置产带火家具业 出手阔绰(图)中新网9月14日电 据美国《世界日报》报道，近年中国大陆豪客赴美砸数百万美元购屋的现象屡见不鲜，带动金融风暴曾陷低谷的华人家具店销量也回温，无论中国元素的红木家具，或欧式奢华宫廷家具，都颇受大陆客青睐。不少业主表示，大陆客购买力让人咋舌，一次刷卡数万美元可谓家常便饭，甚至有人一次买下数十万美元高档家具。美国阿市家具业盛传一个案例：有位大陆豪客到洛杉矶一口气买三栋豪宅，价位都在500万元上下。这位豪客不住洛杉矶，仍在中国经商，但为住在当地的女儿买家具手笔也很大，他一次买三栋豪宅所需家具，花费50万元，面不改色。他光顾的家具店老板笑逐颜开，逢熟人谈起这桩买卖眉飞色舞。阿市一家30年老牌家具店业主康先生表示，最近两年明显感到大陆新移民(微博)赴美置业热潮，下属三家分店每天都有大批陆客光顾，其中多数是在亚凯迪亚、钻石吧、核桃市等地购置豪宅。这些顾客倾向购买大气奢华的欧式大件家具，如餐桌、沙发、橱柜、起居组合等，单次平均消费在2万元左右，一掷数十万元购买全套奢华家具组合者也大有人在。康先生说，该店原先主打红木家具，近期发现不少大陆新移民开始青睐欧式家具，康先生遂改变营销策略，双管齐下，同时销售欧式家具。在南加州拥有多处家具店的蔡先生说，曾有一位大陆客一次刷卡6万元，面对店员的惊讶，他气定神闲道，买家具只算是小笔支出，不足为奇。在阿罕布拉市中心经营逾30年、专卖红木古典家具店经理杨先生说，大陆目前红木家具店铺天盖地却良莠不齐，红木家具价格飙升。不少大陆新移民认为，在美国买红木家具价格较为公道，因此店内常有新移民光顾。杨先生说，2000年前该店顾客主要以本土和中国港澳台老华侨为主，他们多崇尚传统文化，抱着代代相传的理念购买红木家具以求保值。2000年后，顾客群中陆续出现大陆新移民，近两年不乏一次掷金几万甚至几十万的大陆客光顾该店。(记者：禾苗),0.5432187914848328
1937,房产,家居,光棍节京长两地闹市惊现11富翁征婚今年光棍节北京长沙两地繁华闹市街头同时惊现十一名身着名贵的礼服的男富翁集体征婚，在活动现场，十一光棍富翁们用举牌的形式倾诉着自己对单身现状的不满和浪漫的渴望、以及他们自己的条件。他们每人各举一个字连成标语，在完成四次标语后迅速消失于人群。11日下午三时，北京王府井和长沙黄兴路步行街口同时出现以上一幕，活动一开始，统一的穿着名贵礼服的十一名富翁们一亮相便赚足了路人的眼球，短短几分钟的时间便吸引了数百名路人驻足围观。随着活动的进行围观群众都不由自主的跟着征婚者的举牌一字一句高声读出牌上的字，“哥们要的不是寂寞是浪漫”“浪漫光棍节让寂寞滚蛋吧”，当读到这些标语之时，围观群众越来越多，交流、拍照、向征婚者打招呼等行为也开始出现，人群的热烈反响将活动气氛推到了顶峰。而现场观众的热情和征婚者的冷峻更是相映成趣，形成了光棍节闹市街头一道奇特的风景。现场围观群众王小姐在接受记者采访时就说光棍节看到这样一种浪漫有趣的事情，难得一见，特别有创意，也特别的新奇。同时也有群众表示征婚者勇气可嘉，祝福他们都能找到自己的幸福。现场有人笑称其为“钻石罗汉”，说其“钻石”是因为据称他们拥有丰厚身家，资产上千万，说其是“罗汉”不言而喻是因为他们全是清一色的光棍。这样的一群富翁走上闹市街头，进行集体征婚，自然成为了两地光棍节街头最受关注的事件。活动刚刚结束，现场的群众便议论这样一群家世显赫的富翁们，居然走上闹市进行集体征婚，感到惊讶之余，更多的是一种的不能理解，按常理说在人们的意识里，像这样的人群应该不至于会需要哗众取宠的街头征婚，那么究竟为什么会有这样的事件出现？或许从他们打出的标语中可以窥见一斑，“哥们要的不是寂寞是浪漫”、“浪漫光棍节让寂寞滚蛋吧”，他们需要的不是寂寞，而是一种浪漫的相爱。这也许是他们站出来的最主要原因。另外在活动现场一条显目标语更是引来的众人的注意和记者的特别关注。“求浪漫，有百万BOLONI厨房，管饭”这一标语的出现更是引来的无数网友的质疑，那么这次千万富翁的浪漫征婚，到底是富翁们在寂寞中的浪漫爆发，还是一种商业炒作？ 都还有待进一步的证实。 ,0.8908558487892151
1999,娱乐,教育,猕猴捡到相机大摆POSE 狂拍数百张照片(组图)你相信吗？这些清晰的照片，竟然出自一只猕猴之手！英国摄影师大卫·斯莱特日前在印尼苏拉威西岛北部的一个国家公园内旅行，在那里遇到了一群珍稀的黑冠猕猴。这些感到好奇的动物围着斯莱特留下的相机跳来跳去。“它们中肯定有一个家伙按到了开关，启动了相机。”斯莱特说，“之后，一只淘气的猕猴拿起相机，乱摁一通，竟然按下了快门。”摸到窍门后，这只猕猴开始不断地拍照，而其他同伴则十分配合地“大摆POSE”，甚至露出大大的笑脸，显得十分兴奋。斯莱特说：“当我拿回相机时，它已经拍摄了数百张照片，当然，大部分都是对焦不准的。”,0.3739176094532013
